Country,Sex,Age,Year,Sexi,mx,mx_se
AUS,m,0,2020,1,0.0031078,0.000109
AUS,m,1,2020,1,0.0001415,0.0000056
AUS,m,5,2020,1,0.0000751,0.0000025
AUS,m,10,2020,1,0.0000976,0.0000015
AUS,m,15,2020,1,0.0003677,0.000008
AUS,m,20,2020,1,0.0005467,0.0000122
AUS,m,25,2020,1,0.0006067,0.0000147
AUS,m,30,2020,1,0.0007645,0.0000161
AUS,m,35,2020,1,0.0010901,0.0000085
AUS,m,40,2020,1,0.0015094,0.0000098
AUS,m,45,2020,1,0.0022134,0.0000135
AUS,m,50,2020,1,0.0032381,0.000022
AUS,m,55,2020,1,0.0049308,0.0000329
AUS,m,60,2020,1,0.0073981,0.0000795
AUS,m,65,2020,1,0.0108912,0.0002174
AUS,m,70,2020,1,0.0176385,0.0003779
AUS,m,75,2020,1,0.0301833,0.0007305
AUS,m,80,2020,1,0.0560945,0.0011584
AUS,m,85,2020,1,0.1049545,0.0017192
AUS,m,90,2020,1,0.1874563,0.0025987
AUS,m,95,2020,1,0.3227009,0.0026258
AUS,m,100,2020,1,0.5129583,0.0003606
AUS,f,0,2020,2,0.0025476,0.0001249
AUS,f,1,2020,2,0.0001126,0.0000063
AUS,f,5,2020,2,0.000056,0.0000032
AUS,f,10,2020,2,0.0000708,0.0000017
AUS,f,15,2020,2,0.0001879,0.000005
AUS,f,20,2020,2,0.0002072,0.0000069
AUS,f,25,2020,2,0.0002501,0.0000074
AUS,f,30,2020,2,0.0003674,0.0000059
AUS,f,35,2020,2,0.000575,0.0000057
AUS,f,40,2020,2,0.0008793,0.0000059
AUS,f,45,2020,2,0.0012978,0.0000177
AUS,f,50,2020,2,0.0019769,0.0000217
AUS,f,55,2020,2,0.00294,0.000029
AUS,f,60,2020,2,0.0042575,0.0000864
AUS,f,65,2020,2,0.0065258,0.0001552
AUS,f,70,2020,2,0.0109829,0.0002903
AUS,f,75,2020,2,0.0197993,0.000504
AUS,f,80,2020,2,0.0385178,0.0009602
AUS,f,85,2020,2,0.0782185,0.001577
AUS,f,90,2020,2,0.1526582,0.0024733
AUS,f,95,2020,2,0.2714743,0.0026413
AUS,f,100,2020,2,0.461645,0.0009187
AUS,b,0,2020,3,0.0028359,0.0001658
AUS,b,1,2020,3,0.0001275,0.0000084
AUS,b,5,2020,3,0.0000658,0.0000041
AUS,b,10,2020,3,0.0000846,0.0000023
AUS,b,15,2020,3,0.0002803,0.0000095
AUS,b,20,2020,3,0.0003817,0.000014
AUS,b,25,2020,3,0.0004301,0.0000164
AUS,b,30,2020,3,0.0005633,0.0000172
AUS,b,35,2020,3,0.0008302,0.0000103
AUS,b,40,2020,3,0.0011925,0.0000114
AUS,b,45,2020,3,0.001749,0.0000223
AUS,b,50,2020,3,0.0025924,0.0000309
AUS,b,55,2020,3,0.0039134,0.0000439
AUS,b,60,2020,3,0.0057829,0.0001174
AUS,b,65,2020,3,0.0086394,0.0002671
AUS,b,70,2020,3,0.014236,0.0004765
AUS,b,75,2020,3,0.0247756,0.0008875
AUS,b,80,2020,3,0.0464916,0.0015046
AUS,b,85,2020,3,0.0893016,0.0023329
AUS,b,90,2020,3,0.1653163,0.0035876
AUS,b,95,2020,3,0.2857695,0.0037244
AUS,b,100,2020,3,0.4719598,0.0009869
RUS,m,0,2020,1,0.0053306,0.0001861
RUS,m,1,2020,1,0.0003093,0.0000125
RUS,m,5,2020,1,0.0001936,0.0000067
RUS,m,10,2020,1,0.0002757,0.0000064
RUS,m,15,2020,1,0.0007468,0.0000237
RUS,m,20,2020,1,0.0013386,0.0000564
RUS,m,25,2020,1,0.0019909,0.0000983
RUS,m,30,2020,1,0.0036291,0.0001298
RUS,m,35,2020,1,0.005755,0.0001184
RUS,m,40,2020,1,0.0070114,0.0001611
RUS,m,45,2020,1,0.0085362,0.0002419
RUS,m,50,2020,1,0.0119217,0.0003331
RUS,m,55,2020,1,0.017594,0.000417
RUS,m,60,2020,1,0.0271926,0.0004884
RUS,m,65,2020,1,0.0369286,0.0006079
RUS,m,70,2020,1,0.0502374,0.0008822
RUS,m,75,2020,1,0.074876,0.0010537
RUS,m,80,2020,1,0.1046388,0.0014096
RUS,m,85,2020,1,0.1391311,0.0024224
RUS,m,90,2020,1,0.1918384,0.0041624
RUS,m,95,2020,1,0.3121243,0.0043335
RUS,m,100,2020,1,0.6106959,0.0093946
RUS,f,0,2020,2,0.0044153,0.0001456
RUS,f,1,2020,2,0.0002528,0.00001
RUS,f,5,2020,2,0.0001396,0.0000047
RUS,f,10,2020,2,0.0001787,0.0000036
RUS,f,15,2020,2,0.000347,0.0000099
RUS,f,20,2020,2,0.0004397,0.0000158
RUS,f,25,2020,2,0.0007076,0.0000262
RUS,f,30,2020,2,0.0013008,0.0000305
RUS,f,35,2020,2,0.0020355,0.0000251
RUS,f,40,2020,2,0.0025434,0.0000378
RUS,f,45,2020,2,0.0031685,0.0000614
RUS,f,50,2020,2,0.0041789,0.0000976
RUS,f,55,2020,2,0.0061753,0.0001485
RUS,f,60,2020,2,0.0092919,0.0001938
RUS,f,65,2020,2,0.0144863,0.0002749
RUS,f,70,2020,2,0.0229761,0.0004868
RUS,f,75,2020,2,0.0415673,0.0007648
RUS,f,80,2020,2,0.0742233,0.0011858
RUS,f,85,2020,2,0.1327295,0.0015551
RUS,f,90,2020,2,0.210348,0.0027495
RUS,f,95,2020,2,0.3358067,0.0029489
RUS,f,100,2020,2,0.6418109,0.0090432
RUS,b,0,2020,3,0.004886,0.0002363
RUS,b,1,2020,3,0.0002819,0.000016
RUS,b,5,2020,3,0.0001674,0.0000082
RUS,b,10,2020,3,0.0002284,0.0000074
RUS,b,15,2020,3,0.0005513,0.0000257
RUS,b,20,2020,3,0.000897,0.0000586
RUS,b,25,2020,3,0.0013651,0.0001017
RUS,b,30,2020,3,0.0024744,0.0001333
RUS,b,35,2020,3,0.00388,0.000121
RUS,b,40,2020,3,0.0047072,0.0001655
RUS,b,45,2020,3,0.0057291,0.0002496
RUS,b,50,2020,3,0.0077979,0.0003471
RUS,b,55,2020,3,0.0112882,0.0004426
RUS,b,60,2020,3,0.0168216,0.0005254
RUS,b,65,2020,3,0.0231182,0.0006672
RUS,b,70,2020,3,0.032619,0.0010076
RUS,b,75,2020,3,0.0516209,0.0013019
RUS,b,80,2020,3,0.082232,0.001842
RUS,b,85,2020,3,0.1342718,0.0028786
RUS,b,90,2020,3,0.2059241,0.0049885
RUS,b,95,2020,3,0.3316765,0.0052417
RUS,b,100,2020,3,0.6366748,0.0130399
AUT,m,0,2020,1,0.0029983,0.0000941
AUT,m,1,2020,1,0.0001616,0.000004
AUT,m,5,2020,1,0.0000711,0.0000022
AUT,m,10,2020,1,0.000092,0.0000027
AUT,m,15,2020,1,0.0003166,0.0000196
AUT,m,20,2020,1,0.0004538,0.0000261
AUT,m,25,2020,1,0.00051,0.0000163
AUT,m,30,2020,1,0.000618,0.0000154
AUT,m,35,2020,1,0.0008041,0.0000242
AUT,m,40,2020,1,0.0012449,0.0000326
AUT,m,45,2020,1,0.0020734,0.0000656
AUT,m,50,2020,1,0.0033563,0.0001267
AUT,m,55,2020,1,0.0059724,0.0001762
AUT,m,60,2020,1,0.0100896,0.0002177
AUT,m,65,2020,1,0.0168827,0.0001048
AUT,m,70,2020,1,0.0245864,0.0002912
AUT,m,75,2020,1,0.0358778,0.0009764
AUT,m,80,2020,1,0.0655321,0.0015272
AUT,m,85,2020,1,0.1267416,0.0013979
AUT,m,90,2020,1,0.2196507,0.0025536
AUT,m,95,2020,1,0.3750446,0.0003643
AUT,m,100,2020,1,0.519949,0.0042452
AUT,f,0,2020,2,0.0024573,0.0000965
AUT,f,1,2020,2,0.000103,0.000007
AUT,f,5,2020,2,0.0000478,0.0000042
AUT,f,10,2020,2,0.0000799,0.0000011
AUT,f,15,2020,2,0.0001361,0.0000094
AUT,f,20,2020,2,0.0001433,0.0000114
AUT,f,25,2020,2,0.0002243,0.0000056
AUT,f,30,2020,2,0.000307,0.0000042
AUT,f,35,2020,2,0.0004428,0.0000088
AUT,f,40,2020,2,0.0007664,0.0000104
AUT,f,45,2020,2,0.0011491,0.0000411
AUT,f,50,2020,2,0.0018945,0.000067
AUT,f,55,2020,2,0.0031499,0.000086
AUT,f,60,2020,2,0.0053315,0.0000814
AUT,f,65,2020,2,0.009053,0.0000187
AUT,f,70,2020,2,0.0137187,0.0000956
AUT,f,75,2020,2,0.020852,0.0007456
AUT,f,80,2020,2,0.0436657,0.001429
AUT,f,85,2020,2,0.0975401,0.0014208
AUT,f,90,2020,2,0.1885893,0.0018148
AUT,f,95,2020,2,0.3172738,0.0019525
AUT,f,100,2020,2,0.4800329,0.0020823
AUT,b,0,2020,3,0.002735,0.0001348
AUT,b,1,2020,3,0.0001331,0.000008
AUT,b,5,2020,3,0.0000598,0.0000048
AUT,b,10,2020,3,0.0000861,0.0000029
AUT,b,15,2020,3,0.000229,0.0000217
AUT,b,20,2020,3,0.0003031,0.0000285
AUT,b,25,2020,3,0.0003707,0.0000173
AUT,b,30,2020,3,0.0004653,0.000016
AUT,b,35,2020,3,0.000625,0.0000258
AUT,b,40,2020,3,0.0010068,0.0000342
AUT,b,45,2020,3,0.0016071,0.0000774
AUT,b,50,2020,3,0.002627,0.0001433
AUT,b,55,2020,3,0.0045595,0.000196
AUT,b,60,2020,3,0.0076572,0.0002324
AUT,b,65,2020,3,0.0127623,0.0001065
AUT,b,70,2020,3,0.0187163,0.0003065
AUT,b,75,2020,3,0.02744,0.0012285
AUT,b,80,2020,3,0.0527656,0.0020915
AUT,b,85,2020,3,0.1080897,0.0019932
AUT,b,90,2020,3,0.1979684,0.0031328
AUT,b,95,2020,3,0.3288035,0.0019862
AUT,b,100,2020,3,0.4861005,0.0047284
BEL,m,0,2020,1,0.0037947,0.0000238
BEL,m,1,2020,1,0.0001313,0.0000064
BEL,m,5,2020,1,0.0000817,0.0000016
BEL,m,10,2020,1,0.0000908,0.0000027
BEL,m,15,2020,1,0.000248,0.0000107
BEL,m,20,2020,1,0.0004704,0.0000183
BEL,m,25,2020,1,0.0005439,0.000018
BEL,m,30,2020,1,0.0007219,0.0000148
BEL,m,35,2020,1,0.0009823,0.0000173
BEL,m,40,2020,1,0.0014092,0.0000297
BEL,m,45,2020,1,0.0021319,0.0000548
BEL,m,50,2020,1,0.0033907,0.0001006
BEL,m,55,2020,1,0.0058654,0.0001408
BEL,m,60,2020,1,0.0098968,0.0001658
BEL,m,65,2020,1,0.015572,0.0001928
BEL,m,70,2020,1,0.0232321,0.0003843
BEL,m,75,2020,1,0.037393,0.0007564
BEL,m,80,2020,1,0.0644648,0.0013569
BEL,m,85,2020,1,0.1220019,0.0017168
BEL,m,90,2020,1,0.2106436,0.0025547
BEL,m,95,2020,1,0.3456853,0.0025826
BEL,m,100,2020,1,0.5312974,0.0029401
BEL,f,0,2020,2,0.0027899,0.0000682
BEL,f,1,2020,2,0.0001339,0.0000065
BEL,f,5,2020,2,0.0000607,0.000004
BEL,f,10,2020,2,0.0000563,0.0000045
BEL,f,15,2020,2,0.0001438,0.0000089
BEL,f,20,2020,2,0.0001926,0.0000076
BEL,f,25,2020,2,0.0002317,0.0000115
BEL,f,30,2020,2,0.0003428,0.0000123
BEL,f,35,2020,2,0.0005304,0.0000197
BEL,f,40,2020,2,0.0008378,0.0000347
BEL,f,45,2020,2,0.0014294,0.0000571
BEL,f,50,2020,2,0.0022725,0.000099
BEL,f,55,2020,2,0.0036391,0.0001114
BEL,f,60,2020,2,0.0061269,0.0000524
BEL,f,65,2020,2,0.0088754,0.0001003
BEL,f,70,2020,2,0.0136194,0.0002576
BEL,f,75,2020,2,0.0224716,0.0007141
BEL,f,80,2020,2,0.0430516,0.0015836
BEL,f,85,2020,2,0.0897135,0.0023594
BEL,f,90,2020,2,0.1710589,0.0033932
BEL,f,95,2020,2,0.2951768,0.0033667
BEL,f,100,2020,2,0.4761351,0.0000952
BEL,b,0,2020,3,0.0033026,0.0000722
BEL,b,1,2020,3,0.0001326,0.0000091
BEL,b,5,2020,3,0.0000715,0.0000043
BEL,b,10,2020,3,0.000074,0.0000053
BEL,b,15,2020,3,0.0001973,0.0000139
BEL,b,20,2020,3,0.0003346,0.0000198
BEL,b,25,2020,3,0.000389,0.0000214
BEL,b,30,2020,3,0.0005325,0.0000192
BEL,b,35,2020,3,0.0007566,0.0000262
BEL,b,40,2020,3,0.0011251,0.0000457
BEL,b,45,2020,3,0.0017845,0.0000791
BEL,b,50,2020,3,0.0028386,0.0001411
BEL,b,55,2020,3,0.0047558,0.0001795
BEL,b,60,2020,3,0.0079882,0.0001739
BEL,b,65,2020,3,0.0121228,0.0002173
BEL,b,70,2020,3,0.018156,0.0004626
BEL,b,75,2020,3,0.0291769,0.0010402
BEL,b,80,2020,3,0.0519041,0.0020854
BEL,b,85,2020,3,0.1014702,0.0029179
BEL,b,90,2020,3,0.182775,0.0042474
BEL,b,95,2020,3,0.3067081,0.0042432
BEL,b,100,2020,3,0.4845289,0.0029416
BGR,m,0,2020,1,0.0067501,0.0002341
BGR,m,1,2020,1,0.0002809,0.0000155
BGR,m,5,2020,1,0.0001571,0.0000089
BGR,m,10,2020,1,0.0002218,0.0000071
BGR,m,15,2020,1,0.0006176,0.0000048
BGR,m,20,2020,1,0.0007895,0.000021
BGR,m,25,2020,1,0.0009074,0.0000234
BGR,m,30,2020,1,0.0013106,0.0000169
BGR,m,35,2020,1,0.0019643,0.0000195
BGR,m,40,2020,1,0.0030647,0.0000604
BGR,m,45,2020,1,0.0056574,0.0000898
BGR,m,50,2020,1,0.0096218,0.0001385
BGR,m,55,2020,1,0.0155099,0.0001596
BGR,m,60,2020,1,0.0237808,0.000124
BGR,m,65,2020,1,0.0339393,0.0001529
BGR,m,70,2020,1,0.046719,0.00049
BGR,m,75,2020,1,0.0698022,0.000836
BGR,m,80,2020,1,0.1111378,0.0014559
BGR,m,85,2020,1,0.1815977,0.0013992
BGR,m,90,2020,1,0.2876867,0.001266
BGR,m,95,2020,1,0.4099144,0.001723
BGR,m,100,2020,1,0.779961,0.037797
BGR,f,0,2020,2,0.0050247,0.0003777
BGR,f,1,2020,2,0.0002854,0.0000179
BGR,f,5,2020,2,0.0001013,0.0000138
BGR,f,10,2020,2,0.0001193,0.0000113
BGR,f,15,2020,2,0.0002705,0.0000099
BGR,f,20,2020,2,0.0003216,0.00001
BGR,f,25,2020,2,0.0003901,0.0000105
BGR,f,30,2020,2,0.0005543,0.0000175
BGR,f,35,2020,2,0.0009077,0.0000297
BGR,f,40,2020,2,0.0016352,0.0000229
BGR,f,45,2020,2,0.0026091,0.0000414
BGR,f,50,2020,2,0.0041988,0.0000323
BGR,f,55,2020,2,0.0065719,0.0000061
BGR,f,60,2020,2,0.009569,0.0000575
BGR,f,65,2020,2,0.0139312,0.0003406
BGR,f,70,2020,2,0.0225872,0.000918
BGR,f,75,2020,2,0.0417439,0.0018088
BGR,f,80,2020,2,0.0827954,0.0027149
BGR,f,85,2020,2,0.1556418,0.0024373
BGR,f,90,2020,2,0.2604498,0.0023704
BGR,f,95,2020,2,0.4060891,0.002924
BGR,f,100,2020,2,0.7595703,0.0491933
BGR,b,0,2020,3,0.0059099,0.0004443
BGR,b,1,2020,3,0.0002831,0.0000237
BGR,b,5,2020,3,0.00013,0.0000164
BGR,b,10,2020,3,0.0001719,0.0000134
BGR,b,15,2020,3,0.0004493,0.000011
BGR,b,20,2020,3,0.0005622,0.0000233
BGR,b,25,2020,3,0.0006558,0.0000257
BGR,b,30,2020,3,0.0009425,0.0000243
BGR,b,35,2020,3,0.0014553,0.0000356
BGR,b,40,2020,3,0.0023712,0.0000646
BGR,b,45,2020,3,0.0041699,0.0000989
BGR,b,50,2020,3,0.0069394,0.0001422
BGR,b,55,2020,3,0.0109689,0.0001597
BGR,b,60,2020,3,0.0162604,0.0001367
BGR,b,65,2020,3,0.0227974,0.0003733
BGR,b,70,2020,3,0.0325401,0.0010406
BGR,b,75,2020,3,0.0525011,0.0019926
BGR,b,80,2020,3,0.0928302,0.0030806
BGR,b,85,2020,3,0.1643648,0.0028104
BGR,b,90,2020,3,0.269013,0.0026873
BGR,b,95,2020,3,0.407203,0.0033939
BGR,b,100,2020,3,0.7659146,0.062037
CAN,m,0,2020,1,0.0047888,0.0000637
CAN,m,1,2020,1,0.0001761,0.0000035
CAN,m,5,2020,1,0.0000752,0.0000029
CAN,m,10,2020,1,0.0001068,0.0000031
CAN,m,15,2020,1,0.0004164,0.0000105
CAN,m,20,2020,1,0.000715,0.0000077
CAN,m,25,2020,1,0.0008953,0.0000102
CAN,m,30,2020,1,0.0009952,0.0000137
CAN,m,35,2020,1,0.0011401,0.0000025
CAN,m,40,2020,1,0.0014776,0.0000126
CAN,m,45,2020,1,0.0021938,0.0000292
CAN,m,50,2020,1,0.0034316,0.0000545
CAN,m,55,2020,1,0.0055022,0.0000753
CAN,m,60,2020,1,0.0086464,0.0001175
CAN,m,65,2020,1,0.0130917,0.000243
CAN,m,70,2020,1,0.0204975,0.0004381
CAN,m,75,2020,1,0.0335357,0.0007549
CAN,m,80,2020,1,0.0584035,0.0013445
CAN,m,85,2020,1,0.1058717,0.0019269
CAN,m,90,2020,1,0.186895,0.0026589
CAN,m,95,2020,1,0.3092418,0.002268
CAN,m,100,2020,1,0.4654582,0.0029608
CAN,f,0,2020,2,0.0041039,0.0000525
CAN,f,1,2020,2,0.0001564,0.000001
CAN,f,5,2020,2,0.0000706,0.0000017
CAN,f,10,2020,2,0.0000996,0.0000007
CAN,f,15,2020,2,0.0002259,0.0000034
CAN,f,20,2020,2,0.0003361,0.0000029
CAN,f,25,2020,2,0.0004248,0.0000093
CAN,f,30,2020,2,0.0005179,0.0000084
CAN,f,35,2020,2,0.0006321,0.0000003
CAN,f,40,2020,2,0.0008768,0.0000112
CAN,f,45,2020,2,0.0013361,0.0000274
CAN,f,50,2020,2,0.0022255,0.0000328
CAN,f,55,2020,2,0.0035464,0.0000384
CAN,f,60,2020,2,0.0053963,0.0000679
CAN,f,65,2020,2,0.0082697,0.0001331
CAN,f,70,2020,2,0.0134754,0.0002233
CAN,f,75,2020,2,0.0225094,0.0003841
CAN,f,80,2020,2,0.0407516,0.0006952
CAN,f,85,2020,2,0.0756745,0.0011947
CAN,f,90,2020,2,0.1420989,0.0016996
CAN,f,95,2020,2,0.2466128,0.0020489
CAN,f,100,2020,2,0.3919113,0.0030118
CAN,b,0,2020,3,0.0044549,0.0000826
CAN,b,1,2020,3,0.0001665,0.0000036
CAN,b,5,2020,3,0.000073,0.0000034
CAN,b,10,2020,3,0.0001033,0.0000032
CAN,b,15,2020,3,0.0003233,0.0000111
CAN,b,20,2020,3,0.0005338,0.0000083
CAN,b,25,2020,3,0.0006678,0.0000138
CAN,b,30,2020,3,0.0007601,0.0000161
CAN,b,35,2020,3,0.0008866,0.0000025
CAN,b,40,2020,3,0.0011743,0.0000169
CAN,b,45,2020,3,0.0017615,0.0000401
CAN,b,50,2020,3,0.0028251,0.0000636
CAN,b,55,2020,3,0.004519,0.0000845
CAN,b,60,2020,3,0.0069959,0.0001357
CAN,b,65,2020,3,0.0106071,0.000277
CAN,b,70,2020,3,0.0168341,0.0004917
CAN,b,75,2020,3,0.0276642,0.0008469
CAN,b,80,2020,3,0.0485678,0.0015136
CAN,b,85,2020,3,0.0878722,0.0022672
CAN,b,90,2020,3,0.1571984,0.0031557
CAN,b,95,2020,3,0.2622183,0.0030564
CAN,b,100,2020,3,0.4042625,0.0042234
CHE,m,0,2020,1,0.0034925,0.0000961
CHE,m,1,2020,1,0.0001054,0.0000055
CHE,m,5,2020,1,0.0000507,0.0000042
CHE,m,10,2020,1,0.000067,0.0000036
CHE,m,15,2020,1,0.0002455,0.0000141
CHE,m,20,2020,1,0.0003509,0.0000213
CHE,m,25,2020,1,0.000391,0.0000179
CHE,m,30,2020,1,0.0004178,0.000019
CHE,m,35,2020,1,0.0005572,0.0000273
CHE,m,40,2020,1,0.0009122,0.0000357
CHE,m,45,2020,1,0.0014186,0.000062
CHE,m,50,2020,1,0.0025224,0.000087
CHE,m,55,2020,1,0.004162,0.0001414
CHE,m,60,2020,1,0.0070891,0.0001852
CHE,m,65,2020,1,0.0114818,0.0002588
CHE,m,70,2020,1,0.0178261,0.0004777
CHE,m,75,2020,1,0.0293312,0.0009754
CHE,m,80,2020,1,0.0564759,0.0016191
CHE,m,85,2020,1,0.1115562,0.0022195
CHE,m,90,2020,1,0.2083167,0.0027304
CHE,m,95,2020,1,0.3495803,0.0021647
CHE,m,100,2020,1,0.5765502,0.0038882
CHE,f,0,2020,2,0.0032246,0.0000601
CHE,f,1,2020,2,0.0000988,0.0000038
CHE,f,5,2020,2,0.0000532,0.0000024
CHE,f,10,2020,2,0.0000766,0.0000005
CHE,f,15,2020,2,0.0001016,0.0000075
CHE,f,20,2020,2,0.0001293,0.0000077
CHE,f,25,2020,2,0.00016,0.000009
CHE,f,30,2020,2,0.0002226,0.0000101
CHE,f,35,2020,2,0.0003341,0.0000121
CHE,f,40,2020,2,0.0005427,0.0000199
CHE,f,45,2020,2,0.0009034,0.0000371
CHE,f,50,2020,2,0.0015439,0.0000488
CHE,f,55,2020,2,0.0025583,0.0000692
CHE,f,60,2020,2,0.0040429,0.0000968
CHE,f,65,2020,2,0.006806,0.0000833
CHE,f,70,2020,2,0.0109211,0.0001691
CHE,f,75,2020,2,0.0188591,0.0003797
CHE,f,80,2020,2,0.0389763,0.0007861
CHE,f,85,2020,2,0.0840468,0.0012807
CHE,f,90,2020,2,0.1696486,0.0018801
CHE,f,95,2020,2,0.3036367,0.0013635
CHE,f,100,2020,2,0.4808452,0.0001845
CHE,b,0,2020,3,0.0033623,0.0001134
CHE,b,1,2020,3,0.0001022,0.0000067
CHE,b,5,2020,3,0.0000519,0.0000048
CHE,b,10,2020,3,0.0000717,0.0000036
CHE,b,15,2020,3,0.0001757,0.000016
CHE,b,20,2020,3,0.0002437,0.0000226
CHE,b,25,2020,3,0.0002775,0.00002
CHE,b,30,2020,3,0.0003212,0.0000216
CHE,b,35,2020,3,0.0004468,0.0000299
CHE,b,40,2020,3,0.0007286,0.0000409
CHE,b,45,2020,3,0.0011624,0.0000723
CHE,b,50,2020,3,0.0020362,0.0000997
CHE,b,55,2020,3,0.0033675,0.0001574
CHE,b,60,2020,3,0.0055638,0.000209
CHE,b,65,2020,3,0.0090646,0.0002719
CHE,b,70,2020,3,0.014192,0.0005068
CHE,b,75,2020,3,0.0236576,0.0010467
CHE,b,80,2020,3,0.0463845,0.0017999
CHE,b,85,2020,3,0.0943726,0.0025625
CHE,b,90,2020,3,0.1816364,0.0033151
CHE,b,95,2020,3,0.3148229,0.0025583
CHE,b,100,2020,3,0.49794,0.0038925
CHL,m,0,2020,1,0.0069844,0.0001902
CHL,m,1,2020,1,0.0002572,0.0000117
CHL,m,5,2020,1,0.0001165,0.0000078
CHL,m,10,2020,1,0.0001612,0.0000071
CHL,m,15,2020,1,0.0005795,0.0000157
CHL,m,20,2020,1,0.0008724,0.0000297
CHL,m,25,2020,1,0.0010616,0.0000263
CHL,m,30,2020,1,0.0012354,0.0000309
CHL,m,35,2020,1,0.0015568,0.000037
CHL,m,40,2020,1,0.0021194,0.0000514
CHL,m,45,2020,1,0.0030748,0.0000659
CHL,m,50,2020,1,0.0046475,0.0000952
CHL,m,55,2020,1,0.0069106,0.0001732
CHL,m,60,2020,1,0.0104994,0.0003547
CHL,m,65,2020,1,0.0168508,0.0005188
CHL,m,70,2020,1,0.0265901,0.0007726
CHL,m,75,2020,1,0.0417761,0.0014133
CHL,m,80,2020,1,0.0710997,0.0022734
CHL,m,85,2020,1,0.1386252,0.0003813
CHL,m,90,2020,1,0.2390778,0.0027584
CHL,m,95,2020,1,0.3414754,0.0019701
CHL,m,100,2020,1,0.5223263,0.0137648
CHL,f,0,2020,2,0.0059184,0.0002153
CHL,f,1,2020,2,0.0002236,0.0000125
CHL,f,5,2020,2,0.0001185,0.0000043
CHL,f,10,2020,2,0.0001398,0.0000049
CHL,f,15,2020,2,0.0002514,0.000008
CHL,f,20,2020,2,0.0003266,0.0000014
CHL,f,25,2020,2,0.0003615,0.0000057
CHL,f,30,2020,2,0.0004657,0.0000119
CHL,f,35,2020,2,0.0006984,0.0000087
CHL,f,40,2020,2,0.0010563,0.000018
CHL,f,45,2020,2,0.0015675,0.0000454
CHL,f,50,2020,2,0.0023567,0.0000956
CHL,f,55,2020,2,0.003745,0.0001524
CHL,f,60,2020,2,0.0058803,0.0002852
CHL,f,65,2020,2,0.0097436,0.000389
CHL,f,70,2020,2,0.0158124,0.0006033
CHL,f,75,2020,2,0.0256039,0.0013061
CHL,f,80,2020,2,0.0465866,0.0025116
CHL,f,85,2020,2,0.1058098,0.0002239
CHL,f,90,2020,2,0.200739,0.006006
CHL,f,95,2020,2,0.3024491,0.0078237
CHL,f,100,2020,2,0.4236777,0.0060402
CHL,b,0,2020,3,0.0064635,0.0002873
CHL,b,1,2020,3,0.0002407,0.0000171
CHL,b,5,2020,3,0.0001175,0.0000089
CHL,b,10,2020,3,0.0001507,0.0000086
CHL,b,15,2020,3,0.0004189,0.0000176
CHL,b,20,2020,3,0.0006044,0.0000297
CHL,b,25,2020,3,0.0007147,0.0000269
CHL,b,30,2020,3,0.000852,0.0000332
CHL,b,35,2020,3,0.0011244,0.000038
CHL,b,40,2020,3,0.0015781,0.0000545
CHL,b,45,2020,3,0.0023014,0.00008
CHL,b,50,2020,3,0.0034604,0.0001349
CHL,b,55,2020,3,0.0052544,0.0002307
CHL,b,60,2020,3,0.0080616,0.0004551
CHL,b,65,2020,3,0.0130428,0.0006485
CHL,b,70,2020,3,0.0206879,0.0009802
CHL,b,75,2020,3,0.0326047,0.0019244
CHL,b,80,2020,3,0.0564161,0.0033877
CHL,b,85,2020,3,0.1176691,0.0004422
CHL,b,90,2020,3,0.2126404,0.0066091
CHL,b,95,2020,3,0.3122765,0.008068
CHL,b,100,2020,3,0.4407433,0.0150318
CZE,m,0,2020,1,0.0026378,0.0000515
CZE,m,1,2020,1,0.0001457,0.0000032
CZE,m,5,2020,1,0.0000772,0.0000024
CZE,m,10,2020,1,0.0000903,0.000004
CZE,m,15,2020,1,0.0003942,0.0000081
CZE,m,20,2020,1,0.0006573,0.000013
CZE,m,25,2020,1,0.0007047,0.0000106
CZE,m,30,2020,1,0.0008552,0.0000106
CZE,m,35,2020,1,0.0011082,0.000022
CZE,m,40,2020,1,0.0017109,0.00004
CZE,m,45,2020,1,0.0028472,0.0000776
CZE,m,50,2020,1,0.0049161,0.0001387
CZE,m,55,2020,1,0.0083693,0.0002155
CZE,m,60,2020,1,0.0147863,0.0002554
CZE,m,65,2020,1,0.0233863,0.0002686
CZE,m,70,2020,1,0.0347851,0.0004285
CZE,m,75,2020,1,0.0523116,0.0008394
CZE,m,80,2020,1,0.0870674,0.0013227
CZE,m,85,2020,1,0.1522758,0.0016424
CZE,m,90,2020,1,0.2492275,0.0027555
CZE,m,95,2020,1,0.4011055,0.001778
CZE,m,100,2020,1,0.6868142,0.0090392
CZE,f,0,2020,2,0.0020549,0.0000506
CZE,f,1,2020,2,0.0001211,0.0000041
CZE,f,5,2020,2,0.0000811,0.0000013
CZE,f,10,2020,2,0.000051,0.0000051
CZE,f,15,2020,2,0.0001725,0.0000054
CZE,f,20,2020,2,0.0002282,0.0000034
CZE,f,25,2020,2,0.0002517,0.0000024
CZE,f,30,2020,2,0.0003486,0.0000056
CZE,f,35,2020,2,0.0005332,0.0000114
CZE,f,40,2020,2,0.0008222,0.0000315
CZE,f,45,2020,2,0.0014562,0.0000477
CZE,f,50,2020,2,0.0023388,0.0000808
CZE,f,55,2020,2,0.0039452,0.0001188
CZE,f,60,2020,2,0.006765,0.0001341
CZE,f,65,2020,2,0.0108651,0.000217
CZE,f,70,2020,2,0.0176026,0.0004594
CZE,f,75,2020,2,0.030184,0.0010588
CZE,f,80,2020,2,0.0599581,0.0018472
CZE,f,85,2020,2,0.1212863,0.0020231
CZE,f,90,2020,2,0.2113355,0.0038427
CZE,f,95,2020,2,0.3413997,0.0037154
CZE,f,100,2020,2,0.5375199,0.0007731
CZE,b,0,2020,3,0.0023535,0.0000722
CZE,b,1,2020,3,0.0001337,0.0000052
CZE,b,5,2020,3,0.0000791,0.0000027
CZE,b,10,2020,3,0.0000712,0.0000065
CZE,b,15,2020,3,0.0002865,0.0000098
CZE,b,20,2020,3,0.0004488,0.0000134
CZE,b,25,2020,3,0.0004851,0.0000109
CZE,b,30,2020,3,0.0006096,0.000012
CZE,b,35,2020,3,0.0008306,0.0000248
CZE,b,40,2020,3,0.0012798,0.0000509
CZE,b,45,2020,3,0.0021705,0.0000911
CZE,b,50,2020,3,0.0036532,0.0001605
CZE,b,55,2020,3,0.0061675,0.0002461
CZE,b,60,2020,3,0.0106696,0.0002885
CZE,b,65,2020,3,0.0166946,0.0003453
CZE,b,70,2020,3,0.0251857,0.0006282
CZE,b,75,2020,3,0.0392506,0.0013512
CZE,b,80,2020,3,0.0699901,0.0022719
CZE,b,85,2020,3,0.1313598,0.0026058
CZE,b,90,2020,3,0.2217776,0.0047285
CZE,b,95,2020,3,0.3537055,0.0041189
CZE,b,100,2020,3,0.5583282,0.0090722
DEUTNP,m,0,2020,1,0.0033387,0.0000669
DEUTNP,m,1,2020,1,0.0001508,0.0000049
DEUTNP,m,5,2020,1,0.0000808,0.000002
DEUTNP,m,10,2020,1,0.0000831,0.0000027
DEUTNP,m,15,2020,1,0.0002661,0.0000115
DEUTNP,m,20,2020,1,0.0003925,0.000017
DEUTNP,m,25,2020,1,0.000447,0.0000168
DEUTNP,m,30,2020,1,0.0006364,0.0000124
DEUTNP,m,35,2020,1,0.0009054,0.0000158
DEUTNP,m,40,2020,1,0.0013641,0.0000394
DEUTNP,m,45,2020,1,0.0022549,0.0000817
DEUTNP,m,50,2020,1,0.0039782,0.0001284
DEUTNP,m,55,2020,1,0.0071361,0.0001146
DEUTNP,m,60,2020,1,0.0116211,0.0001005
DEUTNP,m,65,2020,1,0.0174092,0.0001543
DEUTNP,m,70,2020,1,0.0254727,0.0004319
DEUTNP,m,75,2020,1,0.0393632,0.0010681
DEUTNP,m,80,2020,1,0.0707002,0.0015761
DEUTNP,m,85,2020,1,0.1333374,0.0014654
DEUTNP,m,90,2020,1,0.2291298,0.0023162
DEUTNP,m,95,2020,1,0.3740424,0.0017776
DEUTNP,m,100,2020,1,0.5676198,0.0012056
DEUTNP,f,0,2020,2,0.002885,0.0000646
DEUTNP,f,1,2020,2,0.0001272,0.0000068
DEUTNP,f,5,2020,2,0.0000616,0.0000031
DEUTNP,f,10,2020,2,0.0000685,0.0000038
DEUTNP,f,15,2020,2,0.0001411,0.0000073
DEUTNP,f,20,2020,2,0.0001622,0.0000098
DEUTNP,f,25,2020,2,0.0002073,0.000008
DEUTNP,f,30,2020,2,0.0003289,0.0000045
DEUTNP,f,35,2020,2,0.00049,0.0000123
DEUTNP,f,40,2020,2,0.0007624,0.0000339
DEUTNP,f,45,2020,2,0.0013024,0.0000668
DEUTNP,f,50,2020,2,0.0022774,0.0000839
DEUTNP,f,55,2020,2,0.0038235,0.0000653
DEUTNP,f,60,2020,2,0.0061236,0.00004
DEUTNP,f,65,2020,2,0.0095264,0.0000259
DEUTNP,f,70,2020,2,0.0143904,0.0002222
DEUTNP,f,75,2020,2,0.0233751,0.0010379
DEUTNP,f,80,2020,2,0.0472682,0.0019636
DEUTNP,f,85,2020,2,0.1014779,0.002
DEUTNP,f,90,2020,2,0.1911208,0.0028892
DEUTNP,f,95,2020,2,0.3197633,0.0022247
DEUTNP,f,100,2020,2,0.50128,0.0018176
DEUTNP,b,0,2020,3,0.003118,0.000093
DEUTNP,b,1,2020,3,0.0001393,0.0000084
DEUTNP,b,5,2020,3,0.0000715,0.0000037
DEUTNP,b,10,2020,3,0.000076,0.0000047
DEUTNP,b,15,2020,3,0.0002057,0.0000136
DEUTNP,b,20,2020,3,0.0002829,0.0000196
DEUTNP,b,25,2020,3,0.0003318,0.0000186
DEUTNP,b,30,2020,3,0.0004873,0.0000132
DEUTNP,b,35,2020,3,0.0007009,0.00002
DEUTNP,b,40,2020,3,0.001065,0.000052
DEUTNP,b,45,2020,3,0.0017806,0.0001056
DEUTNP,b,50,2020,3,0.0031343,0.0001534
DEUTNP,b,55,2020,3,0.0054816,0.0001319
DEUTNP,b,60,2020,3,0.0088308,0.0001081
DEUTNP,b,65,2020,3,0.01328,0.0001565
DEUTNP,b,70,2020,3,0.019572,0.0004857
DEUTNP,b,75,2020,3,0.0305242,0.0014893
DEUTNP,b,80,2020,3,0.0570354,0.0025179
DEUTNP,b,85,2020,3,0.1132044,0.0024794
DEUTNP,b,90,2020,3,0.2024035,0.003703
DEUTNP,b,95,2020,3,0.3301985,0.0028476
DEUTNP,b,100,2020,3,0.5101846,0.0021811
DNK,m,0,2020,1,0.0035218,0.0000317
DNK,m,1,2020,1,0.0001226,0.000003
DNK,m,5,2020,1,0.0000545,0.0000016
DNK,m,10,2020,1,0.0000652,0.0000019
DNK,m,15,2020,1,0.0001953,0.0000086
DNK,m,20,2020,1,0.0003285,0.0000129
DNK,m,25,2020,1,0.0004164,0.0000112
DNK,m,30,2020,1,0.0005229,0.0000134
DNK,m,35,2020,1,0.000778,0.0000175
DNK,m,40,2020,1,0.0011527,0.0000327
DNK,m,45,2020,1,0.0020421,0.000054
DNK,m,50,2020,1,0.0034965,0.000096
DNK,m,55,2020,1,0.0064429,0.0000981
DNK,m,60,2020,1,0.0104688,0.0001224
DNK,m,65,2020,1,0.0155921,0.0002129
DNK,m,70,2020,1,0.0233958,0.0004431
DNK,m,75,2020,1,0.0384701,0.0007934
DNK,m,80,2020,1,0.0713092,0.0010578
DNK,m,85,2020,1,0.1311869,0.0011768
DNK,m,90,2020,1,0.2304749,0.0011213
DNK,m,95,2020,1,0.3699726,0.0007406
DNK,m,100,2020,1,0.5549602,0.0034989
DNK,f,0,2020,2,0.0030947,0.0000173
DNK,f,1,2020,2,0.0000925,0.0000029
DNK,f,5,2020,2,0.000049,0.0000015
DNK,f,10,2020,2,0.0000409,0.0000021
DNK,f,15,2020,2,0.0001076,0.0000047
DNK,f,20,2020,2,0.0001456,0.0000039
DNK,f,25,2020,2,0.0001717,0.0000059
DNK,f,30,2020,2,0.000296,0.0000048
DNK,f,35,2020,2,0.0004358,0.0000104
DNK,f,40,2020,2,0.0006908,0.0000242
DNK,f,45,2020,2,0.0011608,0.0000477
DNK,f,50,2020,2,0.0021974,0.000076
DNK,f,55,2020,2,0.003818,0.0000964
DNK,f,60,2020,2,0.0063329,0.0001235
DNK,f,65,2020,2,0.0097082,0.0001987
DNK,f,70,2020,2,0.0149096,0.000416
DNK,f,75,2020,2,0.0263528,0.0007113
DNK,f,80,2020,2,0.051519,0.000831
DNK,f,85,2020,2,0.0949027,0.0010995
DNK,f,90,2020,2,0.1760901,0.0011804
DNK,f,95,2020,2,0.2958663,0.0012147
DNK,f,100,2020,2,0.4913206,0.0012336
DNK,b,0,2020,3,0.0033139,0.0000361
DNK,b,1,2020,3,0.000108,0.0000042
DNK,b,5,2020,3,0.0000518,0.0000022
DNK,b,10,2020,3,0.0000534,0.0000028
DNK,b,15,2020,3,0.0001525,0.0000098
DNK,b,20,2020,3,0.0002389,0.0000135
DNK,b,25,2020,3,0.0002965,0.0000126
DNK,b,30,2020,3,0.0004118,0.0000142
DNK,b,35,2020,3,0.0006088,0.0000204
DNK,b,40,2020,3,0.0009223,0.0000407
DNK,b,45,2020,3,0.0016014,0.0000721
DNK,b,50,2020,3,0.0028512,0.0001224
DNK,b,55,2020,3,0.0051342,0.0001375
DNK,b,60,2020,3,0.0083833,0.0001739
DNK,b,65,2020,3,0.012581,0.0002912
DNK,b,70,2020,3,0.0189927,0.0006078
DNK,b,75,2020,3,0.0320076,0.0010656
DNK,b,80,2020,3,0.0602026,0.0013451
DNK,b,85,2020,3,0.1090478,0.0016105
DNK,b,90,2020,3,0.1931963,0.001628
DNK,b,95,2020,3,0.311873,0.0014227
DNK,b,100,2020,3,0.5010425,0.0037099
ESP,m,0,2020,1,0.0025945,0.0000712
ESP,m,1,2020,1,0.0001262,0.0000044
ESP,m,5,2020,1,0.0000675,0.0000029
ESP,m,10,2020,1,0.0000746,0.0000036
ESP,m,15,2020,1,0.0001597,0.0000121
ESP,m,20,2020,1,0.0002711,0.0000152
ESP,m,25,2020,1,0.0003422,0.0000147
ESP,m,30,2020,1,0.0004393,0.0000175
ESP,m,35,2020,1,0.0005569,0.0000304
ESP,m,40,2020,1,0.0009287,0.0000505
ESP,m,45,2020,1,0.0018725,0.0000697
ESP,m,50,2020,1,0.0034993,0.0000906
ESP,m,55,2020,1,0.0058254,0.0001086
ESP,m,60,2020,1,0.0091673,0.0001322
ESP,m,65,2020,1,0.0135331,0.0002308
ESP,m,70,2020,1,0.02062,0.0004354
ESP,m,75,2020,1,0.0340922,0.0007735
ESP,m,80,2020,1,0.0609388,0.001275
ESP,m,85,2020,1,0.1112119,0.0017917
ESP,m,90,2020,1,0.1971223,0.0022236
ESP,m,95,2020,1,0.3190195,0.0021433
ESP,m,100,2020,1,0.4964688,0.0002174
ESP,f,0,2020,2,0.0021844,0.0000928
ESP,f,1,2020,2,0.0000992,0.0000068
ESP,f,5,2020,2,0.000056,0.0000028
ESP,f,10,2020,2,0.0000653,0.000003
ESP,f,15,2020,2,0.0000948,0.0000072
ESP,f,20,2020,2,0.0001267,0.0000065
ESP,f,25,2020,2,0.0001578,0.0000062
ESP,f,30,2020,2,0.000208,0.0000108
ESP,f,35,2020,2,0.0003341,0.00002
ESP,f,40,2020,2,0.0005719,0.0000316
ESP,f,45,2020,2,0.0010523,0.0000395
ESP,f,50,2020,2,0.0018298,0.0000294
ESP,f,55,2020,2,0.0028805,0.0000016
ESP,f,60,2020,2,0.0040448,0.0000161
ESP,f,65,2020,2,0.0056359,0.000117
ESP,f,70,2020,2,0.0088947,0.00034
ESP,f,75,2020,2,0.0171087,0.0006915
ESP,f,80,2020,2,0.0366737,0.0013123
ESP,f,85,2020,2,0.0783521,0.0022072
ESP,f,90,2020,2,0.1549469,0.0029859
ESP,f,95,2020,2,0.2649414,0.0034343
ESP,f,100,2020,2,0.4120231,0.0038984
ESP,b,0,2020,3,0.0023949,0.0001169
ESP,b,1,2020,3,0.000113,0.0000081
ESP,b,5,2020,3,0.0000619,0.000004
ESP,b,10,2020,3,0.0000701,0.0000047
ESP,b,15,2020,3,0.0001283,0.000014
ESP,b,20,2020,3,0.0002007,0.0000165
ESP,b,25,2020,3,0.0002512,0.000016
ESP,b,30,2020,3,0.0003236,0.0000206
ESP,b,35,2020,3,0.000445,0.0000364
ESP,b,40,2020,3,0.0007513,0.0000596
ESP,b,45,2020,3,0.0014659,0.0000801
ESP,b,50,2020,3,0.002663,0.0000952
ESP,b,55,2020,3,0.0043304,0.0001086
ESP,b,60,2020,3,0.0065315,0.0001332
ESP,b,65,2020,3,0.0094025,0.0002588
ESP,b,70,2020,3,0.0143183,0.0005524
ESP,b,75,2020,3,0.0246551,0.0010376
ESP,b,80,2020,3,0.0465557,0.0018297
ESP,b,85,2020,3,0.0904341,0.0028429
ESP,b,90,2020,3,0.168196,0.0037229
ESP,b,95,2020,3,0.2782928,0.0040482
ESP,b,100,2020,3,0.4261468,0.0039045
EST,m,0,2020,1,0.0018013,0.0001593
EST,m,1,2020,1,0.0001811,0.0000103
EST,m,5,2020,1,0.0001085,0.000006
EST,m,10,2020,1,0.0001043,0.0000075
EST,m,15,2020,1,0.0004399,0.0000231
EST,m,20,2020,1,0.0005839,0.0000623
EST,m,25,2020,1,0.0009404,0.0000867
EST,m,30,2020,1,0.0015971,0.0000791
EST,m,35,2020,1,0.001879,0.0000922
EST,m,40,2020,1,0.0026293,0.0001563
EST,m,45,2020,1,0.0040754,0.0002589
EST,m,50,2020,1,0.006591,0.0004051
EST,m,55,2020,1,0.0111889,0.0005362
EST,m,60,2020,1,0.0182364,0.000663
EST,m,65,2020,1,0.0271231,0.0008095
EST,m,70,2020,1,0.0391223,0.0010825
EST,m,75,2020,1,0.0557956,0.0016279
EST,m,80,2020,1,0.0867557,0.002111
EST,m,85,2020,1,0.1377906,0.0028731
EST,m,90,2020,1,0.2190324,0.0050855
EST,m,95,2020,1,0.371459,0.0018825
EST,m,100,2020,1,0.8889278,0.0378577
EST,f,0,2020,2,0.0013389,0.0000668
EST,f,1,2020,2,0.0001286,0.0000052
EST,f,5,2020,2,0.0000399,0.0000031
EST,f,10,2020,2,0.0001843,0.0000041
EST,f,15,2020,2,0.0003041,0.000001
EST,f,20,2020,2,0.0001862,0.0000096
EST,f,25,2020,2,0.0003778,0.0000065
EST,f,30,2020,2,0.0005651,0.0000058
EST,f,35,2020,2,0.0006785,0.0000134
EST,f,40,2020,2,0.0009813,0.0000219
EST,f,45,2020,2,0.0014723,0.000042
EST,f,50,2020,2,0.0025284,0.0000624
EST,f,55,2020,2,0.0037005,0.0000956
EST,f,60,2020,2,0.0062933,0.0001074
EST,f,65,2020,2,0.0101034,0.000121
EST,f,70,2020,2,0.0161734,0.0002238
EST,f,75,2020,2,0.0271831,0.0004719
EST,f,80,2020,2,0.051769,0.0008699
EST,f,85,2020,2,0.1033431,0.0011963
EST,f,90,2020,2,0.1829211,0.00193
EST,f,95,2020,2,0.2995686,0.0025951
EST,f,100,2020,2,0.6435785,0.0092022
EST,b,0,2020,3,0.0015751,0.0001728
EST,b,1,2020,3,0.0001557,0.0000115
EST,b,5,2020,3,0.000075,0.0000067
EST,b,10,2020,3,0.0001433,0.0000086
EST,b,15,2020,3,0.0003737,0.0000231
EST,b,20,2020,3,0.0003905,0.0000631
EST,b,25,2020,3,0.0006711,0.0000869
EST,b,30,2020,3,0.0011094,0.0000793
EST,b,35,2020,3,0.0013021,0.0000931
EST,b,40,2020,3,0.0018313,0.0001578
EST,b,45,2020,3,0.0027933,0.0002622
EST,b,50,2020,3,0.0045265,0.0004099
EST,b,55,2020,3,0.0072604,0.0005446
EST,b,60,2020,3,0.011656,0.0006716
EST,b,65,2020,3,0.0171856,0.0008185
EST,b,70,2020,3,0.0249071,0.0011054
EST,b,75,2020,3,0.0368625,0.0016949
EST,b,80,2020,3,0.0618444,0.0022832
EST,b,85,2020,3,0.1117446,0.0031122
EST,b,90,2020,3,0.1900711,0.0054394
EST,b,95,2020,3,0.3096656,0.0032059
EST,b,100,2020,3,0.6595083,0.03896
FIN,m,0,2020,1,0.0017648,0.0000438
FIN,m,1,2020,1,0.0001091,0.0000031
FIN,m,5,2020,1,0.0000476,0.0000022
FIN,m,10,2020,1,0.0000746,0.000002
FIN,m,15,2020,1,0.0003846,0.0000073
FIN,m,20,2020,1,0.0007042,0.0000113
FIN,m,25,2020,1,0.0008546,0.0000076
FIN,m,30,2020,1,0.0009225,0.0000131
FIN,m,35,2020,1,0.0010774,0.0000229
FIN,m,40,2020,1,0.0014818,0.0000362
FIN,m,45,2020,1,0.0023013,0.0000595
FIN,m,50,2020,1,0.0036231,0.0000951
FIN,m,55,2020,1,0.0060621,0.0001283
FIN,m,60,2020,1,0.0102422,0.0001334
FIN,m,65,2020,1,0.0156987,0.0001596
FIN,m,70,2020,1,0.023629,0.0002607
FIN,m,75,2020,1,0.0381506,0.0005171
FIN,m,80,2020,1,0.0681773,0.0007534
FIN,m,85,2020,1,0.1297387,0.0005894
FIN,m,90,2020,1,0.222291,0.0011165
FIN,m,95,2020,1,0.36816,0.0001676
FIN,m,100,2020,1,0.5295873,0.000619
FIN,f,0,2020,2,0.0016148,0.0000622
FIN,f,1,2020,2,0.0000712,0.0000062
FIN,f,5,2020,2,0.0000278,0.0000046
FIN,f,10,2020,2,0.0000893,0.0000008
FIN,f,15,2020,2,0.0002012,0.0000032
FIN,f,20,2020,2,0.0002911,0.0000039
FIN,f,25,2020,2,0.0003052,0.0000033
FIN,f,30,2020,2,0.0003637,0.0000067
FIN,f,35,2020,2,0.0004589,0.0000155
FIN,f,40,2020,2,0.0006914,0.000027
FIN,f,45,2020,2,0.0011366,0.0000446
FIN,f,50,2020,2,0.0018937,0.000072
FIN,f,55,2020,2,0.0029397,0.0000965
FIN,f,60,2020,2,0.0048873,0.0000876
FIN,f,65,2020,2,0.0080501,0.0000534
FIN,f,70,2020,2,0.0121279,0.000201
FIN,f,75,2020,2,0.0225072,0.0003521
FIN,f,80,2020,2,0.0432323,0.0009514
FIN,f,85,2020,2,0.0917126,0.0013479
FIN,f,90,2020,2,0.1792666,0.0016403
FIN,f,95,2020,2,0.3151888,0.0006032
FIN,f,100,2020,2,0.4847034,0.0026142
FIN,b,0,2020,3,0.0016913,0.0000761
FIN,b,1,2020,3,0.0000906,0.0000069
FIN,b,5,2020,3,0.000038,0.0000051
FIN,b,10,2020,3,0.0000818,0.0000021
FIN,b,15,2020,3,0.0002952,0.0000079
FIN,b,20,2020,3,0.0005041,0.0000119
FIN,b,25,2020,3,0.0005881,0.0000083
FIN,b,30,2020,3,0.0006523,0.0000147
FIN,b,35,2020,3,0.0007781,0.0000277
FIN,b,40,2020,3,0.0010972,0.0000452
FIN,b,45,2020,3,0.0017304,0.0000743
FIN,b,50,2020,3,0.0027647,0.0001193
FIN,b,55,2020,3,0.0044961,0.0001605
FIN,b,60,2020,3,0.0075124,0.0001596
FIN,b,65,2020,3,0.0117202,0.0001683
FIN,b,70,2020,3,0.0175117,0.0003292
FIN,b,75,2020,3,0.029464,0.0006256
FIN,b,80,2020,3,0.053327,0.0012136
FIN,b,85,2020,3,0.1051121,0.0014711
FIN,b,90,2020,3,0.1911145,0.0019843
FIN,b,95,2020,3,0.3256866,0.0006261
FIN,b,100,2020,3,0.4917584,0.0026865
FRATNP,m,0,2020,1,0.0039361,0.0000098
FRATNP,m,1,2020,1,0.0001664,0.0000027
FRATNP,m,5,2020,1,0.0000787,0.0000013
FRATNP,m,10,2020,1,0.0000875,0.0000023
FRATNP,m,15,2020,1,0.0002829,0.0000109
FRATNP,m,20,2020,1,0.0005287,0.0000165
FRATNP,m,25,2020,1,0.0006604,0.000014
FRATNP,m,30,2020,1,0.000811,0.0000138
FRATNP,m,35,2020,1,0.001104,0.0000224
FRATNP,m,40,2020,1,0.0016281,0.0000416
FRATNP,m,45,2020,1,0.0026232,0.0000754
FRATNP,m,50,2020,1,0.0042778,0.0001191
FRATNP,m,55,2020,1,0.0071614,0.000115
FRATNP,m,60,2020,1,0.0110253,0.0000641
FRATNP,m,65,2020,1,0.0146817,0.0001533
FRATNP,m,70,2020,1,0.0201327,0.0003754
FRATNP,m,75,2020,1,0.0316256,0.00069
FRATNP,m,80,2020,1,0.0558516,0.0012198
FRATNP,m,85,2020,1,0.1088184,0.0012822
FRATNP,m,90,2020,1,0.1933966,0.002061
FRATNP,m,95,2020,1,0.323821,0.002047
FRATNP,m,100,2020,1,0.527434,0.0020607
FRATNP,f,0,2020,2,0.0033068,0.0000081
FRATNP,f,1,2020,2,0.000134,0.0000052
FRATNP,f,5,2020,2,0.0000622,0.0000026
FRATNP,f,10,2020,2,0.0000692,0.0000024
FRATNP,f,15,2020,2,0.000136,0.000007
FRATNP,f,20,2020,2,0.0001901,0.0000089
FRATNP,f,25,2020,2,0.0002469,0.0000069
FRATNP,f,30,2020,2,0.0003222,0.0000126
FRATNP,f,35,2020,2,0.0005119,0.0000229
FRATNP,f,40,2020,2,0.0008478,0.0000376
FRATNP,f,45,2020,2,0.0014475,0.0000551
FRATNP,f,50,2020,2,0.0023286,0.0000598
FRATNP,f,55,2020,2,0.0035615,0.0000242
FRATNP,f,60,2020,2,0.0050301,0.000008
FRATNP,f,65,2020,2,0.0068548,0.000069
FRATNP,f,70,2020,2,0.0101987,0.0002277
FRATNP,f,75,2020,2,0.017389,0.000538
FRATNP,f,80,2020,2,0.03422,0.0011485
FRATNP,f,85,2020,2,0.0730845,0.0014263
FRATNP,f,90,2020,2,0.1416649,0.002933
FRATNP,f,95,2020,2,0.2529512,0.0033447
FRATNP,f,100,2020,2,0.447204,0.0034026
FRATNP,b,0,2020,3,0.0036279,0.0000128
FRATNP,b,1,2020,3,0.0001506,0.0000058
FRATNP,b,5,2020,3,0.0000707,0.0000029
FRATNP,b,10,2020,3,0.0000786,0.0000033
FRATNP,b,15,2020,3,0.0002116,0.0000129
FRATNP,b,20,2020,3,0.0003627,0.0000187
FRATNP,b,25,2020,3,0.0004527,0.0000156
FRATNP,b,30,2020,3,0.0005608,0.0000187
FRATNP,b,35,2020,3,0.0008007,0.000032
FRATNP,b,40,2020,3,0.0012322,0.0000561
FRATNP,b,45,2020,3,0.0020307,0.0000934
FRATNP,b,50,2020,3,0.0032889,0.0001333
FRATNP,b,55,2020,3,0.0053129,0.0001175
FRATNP,b,60,2020,3,0.0078896,0.0000646
FRATNP,b,65,2020,3,0.0105274,0.0001681
FRATNP,b,70,2020,3,0.0147996,0.0004391
FRATNP,b,75,2020,3,0.0237335,0.000875
FRATNP,b,80,2020,3,0.0431156,0.0016754
FRATNP,b,85,2020,3,0.0857694,0.0019179
FRATNP,b,90,2020,3,0.1565038,0.0035847
FRATNP,b,95,2020,3,0.2678498,0.0039214
FRATNP,b,100,2020,3,0.4586144,0.0039779
GBRTENW,m,0,2020,1,0.0040425,0.0000923
GBRTENW,m,1,2020,1,0.0001441,0.0000051
GBRTENW,m,5,2020,1,0.000074,0.0000022
GBRTENW,m,10,2020,1,0.0000922,0.0000024
GBRTENW,m,15,2020,1,0.0002673,0.00001
GBRTENW,m,20,2020,1,0.0004503,0.0000128
GBRTENW,m,25,2020,1,0.0005635,0.0000111
GBRTENW,m,30,2020,1,0.0007551,0.0000131
GBRTENW,m,35,2020,1,0.0011097,0.0000125
GBRTENW,m,40,2020,1,0.001694,0.0000084
GBRTENW,m,45,2020,1,0.0024762,0.0000153
GBRTENW,m,50,2020,1,0.0035561,0.0000495
GBRTENW,m,55,2020,1,0.0055359,0.0000859
GBRTENW,m,60,2020,1,0.008848,0.0001308
GBRTENW,m,65,2020,1,0.0135319,0.0002626
GBRTENW,m,70,2020,1,0.0218879,0.0004514
GBRTENW,m,75,2020,1,0.0370955,0.0007872
GBRTENW,m,80,2020,1,0.0655238,0.0012873
GBRTENW,m,85,2020,1,0.1187426,0.001695
GBRTENW,m,90,2020,1,0.2084729,0.0021818
GBRTENW,m,95,2020,1,0.3490849,0.0015518
GBRTENW,m,100,2020,1,0.5356373,0.0003896
GBRTENW,f,0,2020,2,0.00324,0.0001129
GBRTENW,f,1,2020,2,0.0001223,0.0000068
GBRTENW,f,5,2020,2,0.0000651,0.0000021
GBRTENW,f,10,2020,2,0.0000681,0.0000032
GBRTENW,f,15,2020,2,0.0001456,0.0000058
GBRTENW,f,20,2020,2,0.0001949,0.0000053
GBRTENW,f,25,2020,2,0.0002685,0.0000051
GBRTENW,f,30,2020,2,0.000427,0.0000029
GBRTENW,f,35,2020,2,0.0006586,0.0000038
GBRTENW,f,40,2020,2,0.0010109,0.0000121
GBRTENW,f,45,2020,2,0.0015569,0.0000217
GBRTENW,f,50,2020,2,0.0023473,0.0000518
GBRTENW,f,55,2020,2,0.0036556,0.0000764
GBRTENW,f,60,2020,2,0.0058026,0.0001036
GBRTENW,f,65,2020,2,0.0088152,0.0002146
GBRTENW,f,70,2020,2,0.014491,0.0003961
GBRTENW,f,75,2020,2,0.0254336,0.0007443
GBRTENW,f,80,2020,2,0.0477517,0.0012469
GBRTENW,f,85,2020,2,0.092924,0.0014598
GBRTENW,f,90,2020,2,0.1705998,0.0019573
GBRTENW,f,95,2020,2,0.2946325,0.0012486
GBRTENW,f,100,2020,2,0.4781299,0.0017711
GBRTENW,b,0,2020,3,0.0036517,0.0001458
GBRTENW,b,1,2020,3,0.0001335,0.0000085
GBRTENW,b,5,2020,3,0.0000697,0.000003
GBRTENW,b,10,2020,3,0.0000805,0.000004
GBRTENW,b,15,2020,3,0.000208,0.0000116
GBRTENW,b,20,2020,3,0.0003264,0.0000139
GBRTENW,b,25,2020,3,0.0004189,0.0000122
GBRTENW,b,30,2020,3,0.0005915,0.0000135
GBRTENW,b,35,2020,3,0.0008825,0.000013
GBRTENW,b,40,2020,3,0.0013506,0.0000148
GBRTENW,b,45,2020,3,0.0020121,0.0000266
GBRTENW,b,50,2020,3,0.0029427,0.0000716
GBRTENW,b,55,2020,3,0.0045809,0.000115
GBRTENW,b,60,2020,3,0.0072963,0.0001668
GBRTENW,b,65,2020,3,0.0110988,0.0003391
GBRTENW,b,70,2020,3,0.0180266,0.0006005
GBRTENW,b,75,2020,3,0.0308575,0.0010834
GBRTENW,b,80,2020,3,0.0556045,0.0017922
GBRTENW,b,85,2020,3,0.1033279,0.002237
GBRTENW,b,90,2020,3,0.1837114,0.0029311
GBRTENW,b,95,2020,3,0.3088815,0.0019917
GBRTENW,b,100,2020,3,0.4882051,0.0018134
GBR_SCO,m,0,2020,1,0.0034346,0.0001456
GBR_SCO,m,1,2020,1,0.0001475,0.0000065
GBR_SCO,m,5,2020,1,0.000071,0.0000049
GBR_SCO,m,10,2020,1,0.0001002,0.0000028
GBR_SCO,m,15,2020,1,0.0003836,0.000023
GBR_SCO,m,20,2020,1,0.0005874,0.0000367
GBR_SCO,m,25,2020,1,0.0009316,0.0000273
GBR_SCO,m,30,2020,1,0.0013288,0.0000331
GBR_SCO,m,35,2020,1,0.001932,0.0000085
GBR_SCO,m,40,2020,1,0.0028696,0.0000296
GBR_SCO,m,45,2020,1,0.003654,0.000006
GBR_SCO,m,50,2020,1,0.0047756,0.0000907
GBR_SCO,m,55,2020,1,0.0071118,0.0001668
GBR_SCO,m,60,2020,1,0.0109709,0.0003038
GBR_SCO,m,65,2020,1,0.0173739,0.0004915
GBR_SCO,m,70,2020,1,0.0281398,0.000745
GBR_SCO,m,75,2020,1,0.0467764,0.0010846
GBR_SCO,m,80,2020,1,0.0791851,0.0016299
GBR_SCO,m,85,2020,1,0.1351449,0.0019899
GBR_SCO,m,90,2020,1,0.2281506,0.0015992
GBR_SCO,m,95,2020,1,0.3586981,0.0025308
GBR_SCO,m,100,2020,1,0.5234374,0.0031661
GBR_SCO,f,0,2020,2,0.0028364,0.0001281
GBR_SCO,f,1,2020,2,0.0001062,0.0000112
GBR_SCO,f,5,2020,2,0.0000379,0.0000053
GBR_SCO,f,10,2020,2,0.0000723,0.0000052
GBR_SCO,f,15,2020,2,0.000194,0.0000136
GBR_SCO,f,20,2020,2,0.0002349,0.0000151
GBR_SCO,f,25,2020,2,0.0003777,0.0000054
GBR_SCO,f,30,2020,2,0.0006386,0.0000001
GBR_SCO,f,35,2020,2,0.0010137,0.0000006
GBR_SCO,f,40,2020,2,0.0014892,0.0000004
GBR_SCO,f,45,2020,2,0.0020993,0.0000254
GBR_SCO,f,50,2020,2,0.0031808,0.0000608
GBR_SCO,f,55,2020,2,0.0047992,0.0000882
GBR_SCO,f,60,2020,2,0.0072917,0.0002111
GBR_SCO,f,65,2020,2,0.0116469,0.0003403
GBR_SCO,f,70,2020,2,0.0197455,0.000399
GBR_SCO,f,75,2020,2,0.0340136,0.0007232
GBR_SCO,f,80,2020,2,0.0601071,0.0011408
GBR_SCO,f,85,2020,2,0.1096587,0.0010369
GBR_SCO,f,90,2020,2,0.1955302,0.0005414
GBR_SCO,f,95,2020,2,0.3159412,0.0006036
GBR_SCO,f,100,2020,2,0.4963003,0.0015071
GBR_SCO,b,0,2020,3,0.0031433,0.0001939
GBR_SCO,b,1,2020,3,0.0001275,0.0000129
GBR_SCO,b,5,2020,3,0.0000549,0.0000072
GBR_SCO,b,10,2020,3,0.0000865,0.0000059
GBR_SCO,b,15,2020,3,0.000291,0.0000267
GBR_SCO,b,20,2020,3,0.0004136,0.0000397
GBR_SCO,b,25,2020,3,0.0006554,0.0000278
GBR_SCO,b,30,2020,3,0.000981,0.0000331
GBR_SCO,b,35,2020,3,0.0014633,0.0000085
GBR_SCO,b,40,2020,3,0.002168,0.0000297
GBR_SCO,b,45,2020,3,0.0028524,0.0000261
GBR_SCO,b,50,2020,3,0.0039492,0.0001092
GBR_SCO,b,55,2020,3,0.0059187,0.0001887
GBR_SCO,b,60,2020,3,0.0090721,0.00037
GBR_SCO,b,65,2020,3,0.0144033,0.0005978
GBR_SCO,b,70,2020,3,0.0237328,0.0008451
GBR_SCO,b,75,2020,3,0.0397634,0.0013035
GBR_SCO,b,80,2020,3,0.0681254,0.0019894
GBR_SCO,b,85,2020,3,0.1193663,0.0022439
GBR_SCO,b,90,2020,3,0.2062473,0.0016884
GBR_SCO,b,95,2020,3,0.3267741,0.0026018
GBR_SCO,b,100,2020,3,0.5014837,0.0035066
GBR_NIR,m,0,2020,1,0.0044706,0.0001469
GBR_NIR,m,1,2020,1,0.0001247,0.0000124
GBR_NIR,m,5,2020,1,0.0000586,0.0000074
GBR_NIR,m,10,2020,1,0.0000924,0.0000093
GBR_NIR,m,15,2020,1,0.0003718,0.0000415
GBR_NIR,m,20,2020,1,0.0007157,0.0000408
GBR_NIR,m,25,2020,1,0.0009851,0.000003
GBR_NIR,m,30,2020,1,0.0011681,0.0000163
GBR_NIR,m,35,2020,1,0.0013277,0.0000219
GBR_NIR,m,40,2020,1,0.001805,0.0000329
GBR_NIR,m,45,2020,1,0.0025341,0.0000863
GBR_NIR,m,50,2020,1,0.0038332,0.0001074
GBR_NIR,m,55,2020,1,0.0058611,0.0001616
GBR_NIR,m,60,2020,1,0.0089123,0.0003592
GBR_NIR,m,65,2020,1,0.0142354,0.0004835
GBR_NIR,m,70,2020,1,0.0233988,0.0008562
GBR_NIR,m,75,2020,1,0.0389858,0.0016842
GBR_NIR,m,80,2020,1,0.0687044,0.0027157
GBR_NIR,m,85,2020,1,0.1249479,0.0032826
GBR_NIR,m,90,2020,1,0.2180708,0.0035487
GBR_NIR,m,95,2020,1,0.3486777,0.0036511
GBR_NIR,m,100,2020,1,0.5532992,0.0012387
GBR_NIR,f,0,2020,2,0.0037376,0.000163
GBR_NIR,f,1,2020,2,0.0000787,0.0000106
GBR_NIR,f,5,2020,2,0.0000811,0.0000034
GBR_NIR,f,10,2020,2,0.0000178,0.0000076
GBR_NIR,f,15,2020,2,0.0001532,0.0000161
GBR_NIR,f,20,2020,2,0.0002092,0.0000181
GBR_NIR,f,25,2020,2,0.000343,0.000006
GBR_NIR,f,30,2020,2,0.0004978,0.0000087
GBR_NIR,f,35,2020,2,0.0006285,0.0000186
GBR_NIR,f,40,2020,2,0.0009671,0.0000326
GBR_NIR,f,45,2020,2,0.00176,0.0000155
GBR_NIR,f,50,2020,2,0.0027256,0.0000495
GBR_NIR,f,55,2020,2,0.0042519,0.0000604
GBR_NIR,f,60,2020,2,0.0063275,0.0001209
GBR_NIR,f,65,2020,2,0.009704,0.0002413
GBR_NIR,f,70,2020,2,0.0156526,0.000538
GBR_NIR,f,75,2020,2,0.0269878,0.0011517
GBR_NIR,f,80,2020,2,0.0522682,0.0012737
GBR_NIR,f,85,2020,2,0.1010085,0.0011115
GBR_NIR,f,90,2020,2,0.1812524,0.0018158
GBR_NIR,f,95,2020,2,0.3262945,0.0048769
GBR_NIR,f,100,2020,2,0.4434814,0.0050828
GBR_NIR,b,0,2020,3,0.0041162,0.0002194
GBR_NIR,b,1,2020,3,0.0001023,0.0000163
GBR_NIR,b,5,2020,3,0.0000696,0.0000081
GBR_NIR,b,10,2020,3,0.000056,0.000012
GBR_NIR,b,15,2020,3,0.0002657,0.0000445
GBR_NIR,b,20,2020,3,0.0004735,0.0000447
GBR_NIR,b,25,2020,3,0.0006667,0.0000067
GBR_NIR,b,30,2020,3,0.0008309,0.0000184
GBR_NIR,b,35,2020,3,0.0009702,0.0000288
GBR_NIR,b,40,2020,3,0.0013718,0.0000463
GBR_NIR,b,45,2020,3,0.002137,0.0000877
GBR_NIR,b,50,2020,3,0.0032663,0.0001183
GBR_NIR,b,55,2020,3,0.005042,0.0001725
GBR_NIR,b,60,2020,3,0.007595,0.000379
GBR_NIR,b,65,2020,3,0.0119418,0.0005404
GBR_NIR,b,70,2020,3,0.0193407,0.0010112
GBR_NIR,b,75,2020,3,0.0325107,0.0020403
GBR_NIR,b,80,2020,3,0.0593447,0.0029996
GBR_NIR,b,85,2020,3,0.1101683,0.0034657
GBR_NIR,b,90,2020,3,0.1927851,0.0039863
GBR_NIR,b,95,2020,3,0.3317887,0.0060922
GBR_NIR,b,100,2020,3,0.4620757,0.0052316
GRC,m,0,2020,1,0.0039455,0.0000372
GRC,m,1,2020,1,0.0001488,0.0000048
GRC,m,5,2020,1,0.0000713,0.0000072
GRC,m,10,2020,1,0.0001017,0.0000051
GRC,m,15,2020,1,0.0003028,0.0000283
GRC,m,20,2020,1,0.0005211,0.0000525
GRC,m,25,2020,1,0.0005789,0.0000558
GRC,m,30,2020,1,0.0007805,0.000039
GRC,m,35,2020,1,0.0010102,0.0000411
GRC,m,40,2020,1,0.0014925,0.0000671
GRC,m,45,2020,1,0.0025648,0.0000959
GRC,m,50,2020,1,0.0046146,0.0000804
GRC,m,55,2020,1,0.0077295,0.0000479
GRC,m,60,2020,1,0.0116944,0.0000058
GRC,m,65,2020,1,0.0167143,0.0001005
GRC,m,70,2020,1,0.0240403,0.0006088
GRC,m,75,2020,1,0.0380608,0.0013537
GRC,m,80,2020,1,0.0688362,0.001373
GRC,m,85,2020,1,0.1111162,0.00352
GRC,m,90,2020,1,0.1797179,0.0074027
GRC,m,95,2020,1,0.3040886,0.0076174
GRC,m,100,2020,1,0.5407968,0.0123354
GRC,f,0,2020,2,0.0032126,0.00001
GRC,f,1,2020,2,0.0001444,0.0000056
GRC,f,5,2020,2,0.0000617,0.000007
GRC,f,10,2020,2,0.0000704,0.0000066
GRC,f,15,2020,2,0.0001329,0.0000105
GRC,f,20,2020,2,0.0001779,0.000017
GRC,f,25,2020,2,0.000189,0.0000202
GRC,f,30,2020,2,0.0003146,0.0000154
GRC,f,35,2020,2,0.0004309,0.0000248
GRC,f,40,2020,2,0.0007384,0.0000291
GRC,f,45,2020,2,0.0012628,0.0000349
GRC,f,50,2020,2,0.0021305,0.0000206
GRC,f,55,2020,2,0.0032113,0.0000167
GRC,f,60,2020,2,0.004792,0.0000121
GRC,f,65,2020,2,0.0072691,0.000114
GRC,f,70,2020,2,0.0119895,0.0005129
GRC,f,75,2020,2,0.0226401,0.0015601
GRC,f,80,2020,2,0.0512993,0.0021596
GRC,f,85,2020,2,0.108869,0.001598
GRC,f,90,2020,2,0.192444,0.0016665
GRC,f,95,2020,2,0.2946226,0.0019515
GRC,f,100,2020,2,0.5202852,0.0214326
GRC,b,0,2020,3,0.0035885,0.0000385
GRC,b,1,2020,3,0.0001467,0.0000073
GRC,b,5,2020,3,0.0000666,0.00001
GRC,b,10,2020,3,0.0000865,0.0000083
GRC,b,15,2020,3,0.0002216,0.0000302
GRC,b,20,2020,3,0.0003577,0.0000552
GRC,b,25,2020,3,0.0003905,0.0000594
GRC,b,30,2020,3,0.0005475,0.0000419
GRC,b,35,2020,3,0.0007216,0.000048
GRC,b,40,2020,3,0.0011139,0.0000732
GRC,b,45,2020,3,0.0019004,0.0001021
GRC,b,50,2020,3,0.0033275,0.000083
GRC,b,55,2020,3,0.0053434,0.0000507
GRC,b,60,2020,3,0.0080222,0.0000134
GRC,b,65,2020,3,0.0116986,0.000152
GRC,b,70,2020,3,0.0175106,0.000796
GRC,b,75,2020,3,0.0295502,0.0020655
GRC,b,80,2020,3,0.0585822,0.0025591
GRC,b,85,2020,3,0.1097752,0.0038657
GRC,b,90,2020,3,0.1869687,0.0075879
GRC,b,95,2020,3,0.2980339,0.0078634
GRC,b,100,2020,3,0.5260064,0.0247289
HRV,m,0,2020,1,0.0043384,0.0000918
HRV,m,1,2020,1,0.0001688,0.0000081
HRV,m,5,2020,1,0.0000797,0.0000055
HRV,m,10,2020,1,0.0001215,0.0000041
HRV,m,15,2020,1,0.0003824,0.0000202
HRV,m,20,2020,1,0.0005474,0.0000371
HRV,m,25,2020,1,0.0005696,0.0000363
HRV,m,30,2020,1,0.0007502,0.0000362
HRV,m,35,2020,1,0.0011839,0.0000414
HRV,m,40,2020,1,0.0017623,0.0000834
HRV,m,45,2020,1,0.0031965,0.0001542
HRV,m,50,2020,1,0.0058041,0.000245
HRV,m,55,2020,1,0.0102819,0.0002757
HRV,m,60,2020,1,0.0166213,0.000305
HRV,m,65,2020,1,0.0246266,0.0004929
HRV,m,70,2020,1,0.0356862,0.001044
HRV,m,75,2020,1,0.0571183,0.0017754
HRV,m,80,2020,1,0.097444,0.0023146
HRV,m,85,2020,1,0.1680771,0.0016922
HRV,m,90,2020,1,0.26228,0.0028447
HRV,m,95,2020,1,0.3788951,0.0025347
HRV,m,100,2020,1,0.6487398,0.0172324
HRV,f,0,2020,2,0.0033284,0.000177
HRV,f,1,2020,2,0.0001041,0.000011
HRV,f,5,2020,2,0.0000819,0.0000036
HRV,f,10,2020,2,0.0000779,0.0000043
HRV,f,15,2020,2,0.0001108,0.0000149
HRV,f,20,2020,2,0.0001594,0.0000132
HRV,f,25,2020,2,0.0002496,0.0000079
HRV,f,30,2020,2,0.0003201,0.0000085
HRV,f,35,2020,2,0.0005091,0.0000248
HRV,f,40,2020,2,0.0008518,0.000035
HRV,f,45,2020,2,0.0014833,0.0000692
HRV,f,50,2020,2,0.0025554,0.0001049
HRV,f,55,2020,2,0.0043722,0.0000839
HRV,f,60,2020,2,0.0067004,0.0001371
HRV,f,65,2020,2,0.0105539,0.0003359
HRV,f,70,2020,2,0.0175252,0.000835
HRV,f,75,2020,2,0.0343549,0.0016698
HRV,f,80,2020,2,0.0707908,0.0026633
HRV,f,85,2020,2,0.137123,0.0026534
HRV,f,90,2020,2,0.2301124,0.0036148
HRV,f,95,2020,2,0.3541401,0.0035789
HRV,f,100,2020,2,0.4390058,0.0190054
HRV,b,0,2020,3,0.0038458,0.0001994
HRV,b,1,2020,3,0.0001373,0.0000136
HRV,b,5,2020,3,0.0000808,0.0000066
HRV,b,10,2020,3,0.0001003,0.0000059
HRV,b,15,2020,3,0.0002506,0.0000251
HRV,b,20,2020,3,0.0003612,0.0000393
HRV,b,25,2020,3,0.0004161,0.0000372
HRV,b,30,2020,3,0.000542,0.0000371
HRV,b,35,2020,3,0.000856,0.0000483
HRV,b,40,2020,3,0.0013175,0.0000905
HRV,b,45,2020,3,0.002353,0.000169
HRV,b,50,2020,3,0.0041686,0.0002665
HRV,b,55,2020,3,0.0072441,0.0002882
HRV,b,60,2020,3,0.011427,0.0003343
HRV,b,65,2020,3,0.0171346,0.0005965
HRV,b,70,2020,3,0.0253333,0.0013368
HRV,b,75,2020,3,0.0433614,0.0024373
HRV,b,80,2020,3,0.080394,0.0035285
HRV,b,85,2020,3,0.146752,0.0031471
HRV,b,90,2020,3,0.23854,0.0045999
HRV,b,95,2020,3,0.35907,0.0043855
HRV,b,100,2020,3,0.472035,0.0256547
HUN,m,0,2020,1,0.0038038,0.0001031
HUN,m,1,2020,1,0.0001863,0.000004
HUN,m,5,2020,1,0.0000883,0.0000022
HUN,m,10,2020,1,0.0001337,0.0000026
HUN,m,15,2020,1,0.0003377,0.000008
HUN,m,20,2020,1,0.0005171,0.0000099
HUN,m,25,2020,1,0.0006328,0.0000126
HUN,m,30,2020,1,0.000836,0.0000184
HUN,m,35,2020,1,0.001196,0.00004
HUN,m,40,2020,1,0.001967,0.0000911
HUN,m,45,2020,1,0.0041358,0.0001775
HUN,m,50,2020,1,0.0087338,0.0002452
HUN,m,55,2020,1,0.0157757,0.0002144
HUN,m,60,2020,1,0.0239622,0.0001816
HUN,m,65,2020,1,0.0322083,0.000251
HUN,m,70,2020,1,0.0437089,0.0004581
HUN,m,75,2020,1,0.065176,0.0006457
HUN,m,80,2020,1,0.1014365,0.0010234
HUN,m,85,2020,1,0.1604773,0.0011335
HUN,m,90,2020,1,0.2434149,0.0020825
HUN,m,95,2020,1,0.376997,0.0017844
HUN,m,100,2020,1,0.4778406,0.0048465
HUN,f,0,2020,2,0.0032255,0.0002227
HUN,f,1,2020,2,0.0001531,0.000011
HUN,f,5,2020,2,0.0000772,0.0000038
HUN,f,10,2020,2,0.0000734,0.0000063
HUN,f,15,2020,2,0.0001521,0.0000093
HUN,f,20,2020,2,0.0002105,0.0000045
HUN,f,25,2020,2,0.0002567,0.000009
HUN,f,30,2020,2,0.000406,0.0000118
HUN,f,35,2020,2,0.0006373,0.0000371
HUN,f,40,2020,2,0.0010236,0.0000916
HUN,f,45,2020,2,0.0020131,0.0001731
HUN,f,50,2020,2,0.0039453,0.0002131
HUN,f,55,2020,2,0.0069923,0.000116
HUN,f,60,2020,2,0.0107436,0.0000511
HUN,f,65,2020,2,0.0150321,0.0001832
HUN,f,70,2020,2,0.022166,0.0005946
HUN,f,75,2020,2,0.0386059,0.0010893
HUN,f,80,2020,2,0.0728668,0.0016642
HUN,f,85,2020,2,0.1313394,0.0020072
HUN,f,90,2020,2,0.2159865,0.0038389
HUN,f,95,2020,2,0.3451753,0.0028174
HUN,f,100,2020,2,0.479762,0.0047429
HUN,b,0,2020,3,0.0035233,0.0002454
HUN,b,1,2020,3,0.0001702,0.0000117
HUN,b,5,2020,3,0.0000829,0.0000044
HUN,b,10,2020,3,0.0001043,0.0000068
HUN,b,15,2020,3,0.0002475,0.0000123
HUN,b,20,2020,3,0.0003687,0.0000109
HUN,b,25,2020,3,0.0004511,0.0000155
HUN,b,30,2020,3,0.0006283,0.0000219
HUN,b,35,2020,3,0.0009217,0.0000545
HUN,b,40,2020,3,0.0015019,0.0001292
HUN,b,45,2020,3,0.0030844,0.0002479
HUN,b,50,2020,3,0.006323,0.0003249
HUN,b,55,2020,3,0.0112026,0.0002438
HUN,b,60,2020,3,0.0167524,0.0001886
HUN,b,65,2020,3,0.0224325,0.0003107
HUN,b,70,2020,3,0.0308981,0.0007506
HUN,b,75,2020,3,0.0484138,0.0012663
HUN,b,80,2020,3,0.0819201,0.0019537
HUN,b,85,2020,3,0.1396665,0.0023052
HUN,b,90,2020,3,0.2229557,0.0043674
HUN,b,95,2020,3,0.3519819,0.003335
HUN,b,100,2020,3,0.4794015,0.0067812
ISR,m,0,2020,1,0.0030372,0.000112
ISR,m,1,2020,1,0.0001715,0.0000089
ISR,m,5,2020,1,0.0000901,0.0000041
ISR,m,10,2020,1,0.0000999,0.0000044
ISR,m,15,2020,1,0.0003161,0.0000093
ISR,m,20,2020,1,0.0004285,0.0000228
ISR,m,25,2020,1,0.000487,0.000014
ISR,m,30,2020,1,0.0005623,0.0000166
ISR,m,35,2020,1,0.0006852,0.0000228
ISR,m,40,2020,1,0.0010506,0.0000414
ISR,m,45,2020,1,0.0017608,0.0000608
ISR,m,50,2020,1,0.0032181,0.000074
ISR,m,55,2020,1,0.0053095,0.0000679
ISR,m,60,2020,1,0.0081156,0.0001393
ISR,m,65,2020,1,0.0122912,0.000346
ISR,m,70,2020,1,0.0202151,0.0005717
ISR,m,75,2020,1,0.0343888,0.0009473
ISR,m,80,2020,1,0.0609409,0.0011589
ISR,m,85,2020,1,0.1104104,0.0008942
ISR,m,90,2020,1,0.1807092,0.0015776
ISR,m,95,2020,1,0.262248,0.0051083
ISR,m,100,2020,1,0.363211,0.012121
ISR,f,0,2020,2,0.0026469,0.0000614
ISR,f,1,2020,2,0.0001494,0.0000047
ISR,f,5,2020,2,0.000062,0.0000025
ISR,f,10,2020,2,0.000072,0.000002
ISR,f,15,2020,2,0.0001201,0.0000028
ISR,f,20,2020,2,0.0001452,0.0000043
ISR,f,25,2020,2,0.0002032,0.0000019
ISR,f,30,2020,2,0.0002829,0.0000032
ISR,f,35,2020,2,0.0004458,0.0000055
ISR,f,40,2020,2,0.0006307,0.0000135
ISR,f,45,2020,2,0.0009831,0.0000245
ISR,f,50,2020,2,0.0017867,0.0000246
ISR,f,55,2020,2,0.0027564,0.0000526
ISR,f,60,2020,2,0.0045145,0.0000712
ISR,f,65,2020,2,0.0072443,0.0001315
ISR,f,70,2020,2,0.0120325,0.0002987
ISR,f,75,2020,2,0.0225971,0.0005358
ISR,f,80,2020,2,0.0454578,0.000852
ISR,f,85,2020,2,0.0926339,0.0007738
ISR,f,90,2020,2,0.1599137,0.0017585
ISR,f,95,2020,2,0.2856464,0.0028253
ISR,f,100,2020,2,0.4439343,0.0057447
ISR,b,0,2020,3,0.0028477,0.0001277
ISR,b,1,2020,3,0.0001607,0.0000101
ISR,b,5,2020,3,0.0000764,0.0000048
ISR,b,10,2020,3,0.0000863,0.0000048
ISR,b,15,2020,3,0.0002204,0.0000097
ISR,b,20,2020,3,0.0002896,0.0000232
ISR,b,25,2020,3,0.0003469,0.0000141
ISR,b,30,2020,3,0.0004231,0.0000169
ISR,b,35,2020,3,0.000565,0.0000235
ISR,b,40,2020,3,0.0008388,0.0000435
ISR,b,45,2020,3,0.0013675,0.0000655
ISR,b,50,2020,3,0.0024913,0.000078
ISR,b,55,2020,3,0.0039947,0.0000859
ISR,b,60,2020,3,0.0062269,0.0001565
ISR,b,65,2020,3,0.0096108,0.0003701
ISR,b,70,2020,3,0.015797,0.0006451
ISR,b,75,2020,3,0.0278677,0.0010884
ISR,b,80,2020,3,0.051949,0.0014384
ISR,b,85,2020,3,0.0996459,0.0011825
ISR,b,90,2020,3,0.1673053,0.0023625
ISR,b,95,2020,3,0.2774955,0.0058376
ISR,b,100,2020,3,0.408867,0.0134135
ITA,m,0,2020,1,0.0027458,0.0000846
ITA,m,1,2020,1,0.0001176,0.000004
ITA,m,5,2020,1,0.0000662,0.0000024
ITA,m,10,2020,1,0.0000833,0.0000036
ITA,m,15,2020,1,0.0002341,0.0000152
ITA,m,20,2020,1,0.0003439,0.0000216
ITA,m,25,2020,1,0.0003819,0.0000223
ITA,m,30,2020,1,0.0004797,0.0000199
ITA,m,35,2020,1,0.0006382,0.0000244
ITA,m,40,2020,1,0.0010105,0.0000347
ITA,m,45,2020,1,0.0016868,0.0000503
ITA,m,50,2020,1,0.0028488,0.0000715
ITA,m,55,2020,1,0.0046645,0.0001199
ITA,m,60,2020,1,0.0075931,0.0002016
ITA,m,65,2020,1,0.0123053,0.0003011
ITA,m,70,2020,1,0.019656,0.0005685
ITA,m,75,2020,1,0.0333887,0.0010631
ITA,m,80,2020,1,0.0623947,0.001728
ITA,m,85,2020,1,0.1226534,0.0014882
ITA,m,90,2020,1,0.2142005,0.0018608
ITA,m,95,2020,1,0.3439941,0.0016376
ITA,m,100,2020,1,0.5336383,0.001068
ITA,f,0,2020,2,0.002324,0.0001439
ITA,f,1,2020,2,0.0000965,0.0000074
ITA,f,5,2020,2,0.0000495,0.0000049
ITA,f,10,2020,2,0.0000627,0.0000041
ITA,f,15,2020,2,0.0000995,0.0000114
ITA,f,20,2020,2,0.0001318,0.0000116
ITA,f,25,2020,2,0.0001684,0.0000078
ITA,f,30,2020,2,0.0002271,0.0000121
ITA,f,35,2020,2,0.0003906,0.0000134
ITA,f,40,2020,2,0.0006261,0.0000299
ITA,f,45,2020,2,0.0010557,0.0000482
ITA,f,50,2020,2,0.001734,0.0000662
ITA,f,55,2020,2,0.002726,0.0000859
ITA,f,60,2020,2,0.0042652,0.0001221
ITA,f,65,2020,2,0.0067213,0.0002047
ITA,f,70,2020,2,0.0110493,0.0004166
ITA,f,75,2020,2,0.019885,0.0009698
ITA,f,80,2020,2,0.0408967,0.0017845
ITA,f,85,2020,2,0.0874611,0.0018474
ITA,f,90,2020,2,0.1657842,0.0030089
ITA,f,95,2020,2,0.279716,0.0033485
ITA,f,100,2020,2,0.4478587,0.0011245
ITA,b,0,2020,3,0.0025403,0.0001669
ITA,b,1,2020,3,0.0001073,0.0000084
ITA,b,5,2020,3,0.0000581,0.0000055
ITA,b,10,2020,3,0.0000733,0.0000055
ITA,b,15,2020,3,0.000169,0.000019
ITA,b,20,2020,3,0.000243,0.0000245
ITA,b,25,2020,3,0.0002781,0.0000236
ITA,b,30,2020,3,0.000355,0.0000232
ITA,b,35,2020,3,0.0005149,0.0000278
ITA,b,40,2020,3,0.0008181,0.0000458
ITA,b,45,2020,3,0.001369,0.0000696
ITA,b,50,2020,3,0.0022837,0.0000974
ITA,b,55,2020,3,0.0036725,0.0001475
ITA,b,60,2020,3,0.0058684,0.0002357
ITA,b,65,2020,3,0.0093797,0.0003641
ITA,b,70,2020,3,0.0150762,0.0007048
ITA,b,75,2020,3,0.0259303,0.001439
ITA,b,80,2020,3,0.0498906,0.002484
ITA,b,85,2020,3,0.1003449,0.0023723
ITA,b,90,2020,3,0.1800297,0.0035378
ITA,b,95,2020,3,0.2939062,0.0037275
ITA,b,100,2020,3,0.4610975,0.0015508
KOR,m,0,2020,1,0.0027559,0.0000314
KOR,m,1,2020,1,0.0001255,0.0000032
KOR,m,5,2020,1,0.0000806,0.0000018
KOR,m,10,2020,1,0.000083,0.0000017
KOR,m,15,2020,1,0.0002435,0.0000039
KOR,m,20,2020,1,0.0003718,0.0000049
KOR,m,25,2020,1,0.0005137,0.000006
KOR,m,30,2020,1,0.0006674,0.0000065
KOR,m,35,2020,1,0.0009083,0.000012
KOR,m,40,2020,1,0.0013414,0.0000246
KOR,m,45,2020,1,0.0022138,0.0000402
KOR,m,50,2020,1,0.0036062,0.0000555
KOR,m,55,2020,1,0.0052806,0.0000786
KOR,m,60,2020,1,0.0075171,0.0001246
KOR,m,65,2020,1,0.0112165,0.0002196
KOR,m,70,2020,1,0.0193773,0.0003685
KOR,m,75,2020,1,0.0371199,0.0005515
KOR,m,80,2020,1,0.0688102,0.0008115
KOR,m,85,2020,1,0.1217051,0.0010782
KOR,m,90,2020,1,0.1959821,0.0012511
KOR,m,95,2020,1,0.2919728,0.001036
KOR,m,100,2020,1,0.4296919,0.0004883
KOR,f,0,2020,2,0.0022068,0.0000443
KOR,f,1,2020,2,0.0001145,0.0000036
KOR,f,5,2020,2,0.0000556,0.0000019
KOR,f,10,2020,2,0.0000612,0.0000016
KOR,f,15,2020,2,0.0001461,0.0000023
KOR,f,20,2020,2,0.0002001,0.0000051
KOR,f,25,2020,2,0.0002721,0.0000062
KOR,f,30,2020,2,0.0004245,0.000005
KOR,f,35,2020,2,0.0005411,0.0000063
KOR,f,40,2020,2,0.0007444,0.0000089
KOR,f,45,2020,2,0.0010075,0.0000154
KOR,f,50,2020,2,0.0013716,0.000023
KOR,f,55,2020,2,0.0018167,0.0000371
KOR,f,60,2020,2,0.0025769,0.0000672
KOR,f,65,2020,2,0.0042016,0.0001241
KOR,f,70,2020,2,0.008137,0.0002386
KOR,f,75,2020,2,0.0173982,0.0004622
KOR,f,80,2020,2,0.0380326,0.0008389
KOR,f,85,2020,2,0.0803942,0.0012347
KOR,f,90,2020,2,0.1504048,0.0016274
KOR,f,95,2020,2,0.2456011,0.0017798
KOR,f,100,2020,2,0.4076551,0.0013234
KOR,b,0,2020,3,0.0024882,0.0000543
KOR,b,1,2020,3,0.0001201,0.0000048
KOR,b,5,2020,3,0.0000684,0.0000027
KOR,b,10,2020,3,0.0000724,0.0000023
KOR,b,15,2020,3,0.0001967,0.0000045
KOR,b,20,2020,3,0.0002898,0.0000071
KOR,b,25,2020,3,0.0003998,0.0000086
KOR,b,30,2020,3,0.0005505,0.0000082
KOR,b,35,2020,3,0.0007286,0.0000135
KOR,b,40,2020,3,0.0010476,0.0000262
KOR,b,45,2020,3,0.0016201,0.000043
KOR,b,50,2020,3,0.0024985,0.0000601
KOR,b,55,2020,3,0.0035582,0.0000869
KOR,b,60,2020,3,0.0050166,0.0001415
KOR,b,65,2020,3,0.0075867,0.0002522
KOR,b,70,2020,3,0.0133861,0.000439
KOR,b,75,2020,3,0.0257924,0.0007196
KOR,b,80,2020,3,0.049486,0.0011672
KOR,b,85,2020,3,0.092689,0.0016392
KOR,b,90,2020,3,0.1605926,0.0020527
KOR,b,95,2020,3,0.254484,0.0020593
KOR,b,100,2020,3,0.4113012,0.0014107
LTU,m,0,2020,1,0.0030212,0.0001954
LTU,m,1,2020,1,0.0001261,0.0000138
LTU,m,5,2020,1,0.0000657,0.0000092
LTU,m,10,2020,1,0.0001872,0.0000088
LTU,m,15,2020,1,0.0005929,0.0000347
LTU,m,20,2020,1,0.0008819,0.0000696
LTU,m,25,2020,1,0.0013124,0.0000944
LTU,m,30,2020,1,0.0020879,0.0001225
LTU,m,35,2020,1,0.0033038,0.0001594
LTU,m,40,2020,1,0.0044752,0.0002332
LTU,m,45,2020,1,0.0065415,0.0003223
LTU,m,50,2020,1,0.0091277,0.0004909
LTU,m,55,2020,1,0.0138828,0.000656
LTU,m,60,2020,1,0.0222004,0.0007849
LTU,m,65,2020,1,0.0342791,0.000588
LTU,m,70,2020,1,0.046033,0.0006105
LTU,m,75,2020,1,0.064252,0.0008972
LTU,m,80,2020,1,0.0945814,0.0015869
LTU,m,85,2020,1,0.1554105,0.0009902
LTU,m,90,2020,1,0.2523529,0.0000573
LTU,m,95,2020,1,0.3974374,0.0014804
LTU,m,100,2020,1,0.6782985,0.0073615
LTU,f,0,2020,2,0.0024889,0.0001963
LTU,f,1,2020,2,0.0001149,0.0000113
LTU,f,5,2020,2,0.0001081,0.0000053
LTU,f,10,2020,2,0.0000933,0.000007
LTU,f,15,2020,2,0.0002169,0.0000112
LTU,f,20,2020,2,0.0002894,0.0000101
LTU,f,25,2020,2,0.0003595,0.0000219
LTU,f,30,2020,2,0.0006857,0.0000251
LTU,f,35,2020,2,0.001017,0.0000425
LTU,f,40,2020,2,0.001511,0.0000678
LTU,f,45,2020,2,0.0023651,0.0000964
LTU,f,50,2020,2,0.0033479,0.0001534
LTU,f,55,2020,2,0.0046514,0.0002415
LTU,f,60,2020,2,0.0074033,0.0002802
LTU,f,65,2020,2,0.0121629,0.0002334
LTU,f,70,2020,2,0.0182752,0.0004408
LTU,f,75,2020,2,0.030737,0.0009011
LTU,f,80,2020,2,0.0598592,0.0015789
LTU,f,85,2020,2,0.1220514,0.0013388
LTU,f,90,2020,2,0.2076972,0.0020075
LTU,f,95,2020,2,0.3645079,0.0050496
LTU,f,100,2020,2,0.614053,0.0011897
LTU,b,0,2020,3,0.0027636,0.0002769
LTU,b,1,2020,3,0.0001206,0.0000178
LTU,b,5,2020,3,0.0000864,0.0000106
LTU,b,10,2020,3,0.0001413,0.0000113
LTU,b,15,2020,3,0.0004096,0.0000365
LTU,b,20,2020,3,0.0005971,0.0000703
LTU,b,25,2020,3,0.0008621,0.0000969
LTU,b,30,2020,3,0.0014331,0.0001251
LTU,b,35,2020,3,0.0022242,0.0001649
LTU,b,40,2020,3,0.0030246,0.0002428
LTU,b,45,2020,3,0.0044256,0.0003364
LTU,b,50,2020,3,0.0061122,0.0005143
LTU,b,55,2020,3,0.0089232,0.000699
LTU,b,60,2020,3,0.0138602,0.0008334
LTU,b,65,2020,3,0.0210734,0.0006327
LTU,b,70,2020,3,0.0283533,0.000753
LTU,b,75,2020,3,0.0415637,0.0012715
LTU,b,80,2020,3,0.0699445,0.0022386
LTU,b,85,2020,3,0.1306231,0.0016652
LTU,b,90,2020,3,0.2174843,0.0020084
LTU,b,95,2020,3,0.3702561,0.0052621
LTU,b,100,2020,3,0.6259113,0.007457
LVA,m,0,2020,1,0.003351,0.0002209
LVA,m,1,2020,1,0.0001719,0.0000139
LVA,m,5,2020,1,0.0001281,0.0000107
LVA,m,10,2020,1,0.0001423,0.0000091
LVA,m,15,2020,1,0.0006665,0.0000153
LVA,m,20,2020,1,0.0009351,0.0000374
LVA,m,25,2020,1,0.0014395,0.0000596
LVA,m,30,2020,1,0.0022777,0.0000732
LVA,m,35,2020,1,0.0031674,0.0001136
LVA,m,40,2020,1,0.0048266,0.0001468
LVA,m,45,2020,1,0.0064819,0.0002685
LVA,m,50,2020,1,0.0102866,0.0003637
LVA,m,55,2020,1,0.0154316,0.0005027
LVA,m,60,2020,1,0.0232608,0.0006885
LVA,m,65,2020,1,0.0349902,0.0006246
LVA,m,70,2020,1,0.0480553,0.0009196
LVA,m,75,2020,1,0.0669629,0.0013563
LVA,m,80,2020,1,0.1025874,0.0016138
LVA,m,85,2020,1,0.1574202,0.0018297
LVA,m,90,2020,1,0.2443675,0.0026391
LVA,m,95,2020,1,0.3979381,0.0010986
LVA,m,100,2020,1,0.7688391,0.0178161
LVA,f,0,2020,2,0.0028806,0.0002563
LVA,f,1,2020,2,0.0001623,0.0000115
LVA,f,5,2020,2,0.0000872,0.000007
LVA,f,10,2020,2,0.0001177,0.0000071
LVA,f,15,2020,2,0.0002298,0.000008
LVA,f,20,2020,2,0.0004583,0.0000095
LVA,f,25,2020,2,0.0004049,0.0000187
LVA,f,30,2020,2,0.0007407,0.0000117
LVA,f,35,2020,2,0.000992,0.0000486
LVA,f,40,2020,2,0.0017877,0.0000454
LVA,f,45,2020,2,0.0025132,0.0000961
LVA,f,50,2020,2,0.0037135,0.00014
LVA,f,55,2020,2,0.0056014,0.0002086
LVA,f,60,2020,2,0.0086237,0.0002636
LVA,f,65,2020,2,0.0135862,0.0002584
LVA,f,70,2020,2,0.0207845,0.0005697
LVA,f,75,2020,2,0.0344602,0.0011269
LVA,f,80,2020,2,0.0642545,0.0019532
LVA,f,85,2020,2,0.1234506,0.0022524
LVA,f,90,2020,2,0.2162422,0.0029552
LVA,f,95,2020,2,0.3415778,0.0034354
LVA,f,100,2020,2,0.702447,0.0254758
LVA,b,0,2020,3,0.0031217,0.0003384
LVA,b,1,2020,3,0.0001673,0.000018
LVA,b,5,2020,3,0.0001083,0.0000128
LVA,b,10,2020,3,0.0001303,0.0000116
LVA,b,15,2020,3,0.0004536,0.0000172
LVA,b,20,2020,3,0.0007062,0.0000386
LVA,b,25,2020,3,0.0009405,0.0000624
LVA,b,30,2020,3,0.0015341,0.0000741
LVA,b,35,2020,3,0.0021038,0.0001236
LVA,b,40,2020,3,0.003296,0.0001536
LVA,b,45,2020,3,0.004446,0.0002852
LVA,b,50,2020,3,0.0068338,0.0003897
LVA,b,55,2020,3,0.0101072,0.0005443
LVA,b,60,2020,3,0.0150111,0.0007372
LVA,b,65,2020,3,0.0221623,0.0006759
LVA,b,70,2020,3,0.0306788,0.0010818
LVA,b,75,2020,3,0.044691,0.0017634
LVA,b,80,2020,3,0.0748466,0.0025337
LVA,b,85,2020,3,0.1313839,0.0029019
LVA,b,90,2020,3,0.2218213,0.0039621
LVA,b,95,2020,3,0.3491016,0.0036068
LVA,b,100,2020,3,0.710432,0.0310875
NLD,m,0,2020,1,0.0035366,0.0000593
NLD,m,1,2020,1,0.0001342,0.0000043
NLD,m,5,2020,1,0.0000598,0.0000023
NLD,m,10,2020,1,0.0000845,0.0000021
NLD,m,15,2020,1,0.0002337,0.0000043
NLD,m,20,2020,1,0.0003489,0.0000071
NLD,m,25,2020,1,0.0004242,0.000004
NLD,m,30,2020,1,0.0005044,0.0000062
NLD,m,35,2020,1,0.0006979,0.0000092
NLD,m,40,2020,1,0.001082,0.0000129
NLD,m,45,2020,1,0.0016711,0.0000321
NLD,m,50,2020,1,0.0028317,0.0000578
NLD,m,55,2020,1,0.0048844,0.0000855
NLD,m,60,2020,1,0.0080854,0.0001349
NLD,m,65,2020,1,0.0130023,0.0002421
NLD,m,70,2020,1,0.0208254,0.0004892
NLD,m,75,2020,1,0.036136,0.0009073
NLD,m,80,2020,1,0.0684081,0.0013519
NLD,m,85,2020,1,0.130477,0.0014024
NLD,m,90,2020,1,0.2296256,0.0016671
NLD,m,95,2020,1,0.3670548,0.0012871
NLD,m,100,2020,1,0.5819987,0.0008329
NLD,f,0,2020,2,0.0029163,0.0000846
NLD,f,1,2020,2,0.0000995,0.0000067
NLD,f,5,2020,2,0.0000622,0.0000015
NLD,f,10,2020,2,0.0000595,0.0000039
NLD,f,15,2020,2,0.0001421,0.000002
NLD,f,20,2020,2,0.0001583,0.0000051
NLD,f,25,2020,2,0.0002177,0.0000036
NLD,f,30,2020,2,0.0003094,0.0000076
NLD,f,35,2020,2,0.0004471,0.000015
NLD,f,40,2020,2,0.000741,0.0000291
NLD,f,45,2020,2,0.0012646,0.0000538
NLD,f,50,2020,2,0.0022412,0.000076
NLD,f,55,2020,2,0.0038229,0.0000685
NLD,f,60,2020,2,0.0061523,0.0000513
NLD,f,65,2020,2,0.0092412,0.0000779
NLD,f,70,2020,2,0.0141343,0.0002671
NLD,f,75,2020,2,0.0243907,0.0005861
NLD,f,80,2020,2,0.0477834,0.0010326
NLD,f,85,2020,2,0.0982132,0.0012154
NLD,f,90,2020,2,0.1899768,0.0010965
NLD,f,95,2020,2,0.3249,0.0003562
NLD,f,100,2020,2,0.5485117,0.0048691
NLD,b,0,2020,3,0.0032337,0.0001033
NLD,b,1,2020,3,0.0001173,0.000008
NLD,b,5,2020,3,0.0000609,0.0000028
NLD,b,10,2020,3,0.0000723,0.0000044
NLD,b,15,2020,3,0.000189,0.0000047
NLD,b,20,2020,3,0.0002551,0.0000087
NLD,b,25,2020,3,0.0003225,0.0000054
NLD,b,30,2020,3,0.000408,0.0000098
NLD,b,35,2020,3,0.0005731,0.0000176
NLD,b,40,2020,3,0.0009111,0.0000318
NLD,b,45,2020,3,0.0014669,0.0000626
NLD,b,50,2020,3,0.0025376,0.0000955
NLD,b,55,2020,3,0.0043551,0.0001096
NLD,b,60,2020,3,0.0071152,0.0001444
NLD,b,65,2020,3,0.0111026,0.0002543
NLD,b,70,2020,3,0.0174021,0.0005573
NLD,b,75,2020,3,0.0299284,0.0010802
NLD,b,80,2020,3,0.0567693,0.0017012
NLD,b,85,2020,3,0.1103282,0.0018558
NLD,b,90,2020,3,0.2020107,0.0019954
NLD,b,95,2020,3,0.3344862,0.0013355
NLD,b,100,2020,3,0.5540536,0.0049398
NOR,m,0,2020,1,0.0021074,0.0000358
NOR,m,1,2020,1,0.0000827,0.0000025
NOR,m,5,2020,1,0.0000458,0.0000015
NOR,m,10,2020,1,0.0000824,0.000001
NOR,m,15,2020,1,0.0002501,0.0000057
NOR,m,20,2020,1,0.0004763,0.0000102
NOR,m,25,2020,1,0.000557,0.0000094
NOR,m,30,2020,1,0.0006673,0.0000065
NOR,m,35,2020,1,0.0007759,0.0000086
NOR,m,40,2020,1,0.0010241,0.0000123
NOR,m,45,2020,1,0.0014902,0.0000234
NOR,m,50,2020,1,0.0025665,0.0000348
NOR,m,55,2020,1,0.00438,0.0000491
NOR,m,60,2020,1,0.0072097,0.0000809
NOR,m,65,2020,1,0.011879,0.000132
NOR,m,70,2020,1,0.018916,0.000239
NOR,m,75,2020,1,0.0334507,0.0004313
NOR,m,80,2020,1,0.0639002,0.0006815
NOR,m,85,2020,1,0.1196492,0.0009734
NOR,m,90,2020,1,0.2182251,0.0011431
NOR,m,95,2020,1,0.3635273,0.0005886
NOR,m,100,2020,1,0.5175592,0.0010461
NOR,f,0,2020,2,0.0018167,0.0000429
NOR,f,1,2020,2,0.0000736,0.000004
NOR,f,5,2020,2,0.0000227,0.0000025
NOR,f,10,2020,2,0.0000996,0.0000036
NOR,f,15,2020,2,0.000139,0.0000053
NOR,f,20,2020,2,0.0001613,0.0000073
NOR,f,25,2020,2,0.0002272,0.0000055
NOR,f,30,2020,2,0.0002806,0.0000067
NOR,f,35,2020,2,0.0003883,0.0000112
NOR,f,40,2020,2,0.0005885,0.0000165
NOR,f,45,2020,2,0.0010026,0.0000297
NOR,f,50,2020,2,0.0017386,0.000047
NOR,f,55,2020,2,0.002934,0.0000561
NOR,f,60,2020,2,0.0046902,0.0000928
NOR,f,65,2020,2,0.0079632,0.000099
NOR,f,70,2020,2,0.0129798,0.0001763
NOR,f,75,2020,2,0.0234965,0.0003219
NOR,f,80,2020,2,0.0445692,0.0006472
NOR,f,85,2020,2,0.0880657,0.0011249
NOR,f,90,2020,2,0.1758327,0.0011048
NOR,f,95,2020,2,0.3055739,0.0014206
NOR,f,100,2020,2,0.4661114,0.0027583
NOR,b,0,2020,3,0.0019657,0.0000558
NOR,b,1,2020,3,0.0000783,0.0000047
NOR,b,5,2020,3,0.0000345,0.0000029
NOR,b,10,2020,3,0.0000908,0.0000037
NOR,b,15,2020,3,0.000196,0.0000078
NOR,b,20,2020,3,0.0003244,0.0000125
NOR,b,25,2020,3,0.0003962,0.0000109
NOR,b,30,2020,3,0.0004778,0.0000093
NOR,b,35,2020,3,0.0005877,0.0000141
NOR,b,40,2020,3,0.0008126,0.0000205
NOR,b,45,2020,3,0.0012524,0.0000378
NOR,b,50,2020,3,0.0021629,0.0000585
NOR,b,55,2020,3,0.0036727,0.0000746
NOR,b,60,2020,3,0.0059613,0.0001231
NOR,b,65,2020,3,0.0099118,0.000165
NOR,b,70,2020,3,0.0158986,0.0002969
NOR,b,75,2020,3,0.0282084,0.0005382
NOR,b,80,2020,3,0.0530339,0.0009399
NOR,b,85,2020,3,0.1002255,0.0014876
NOR,b,90,2020,3,0.1893709,0.0015898
NOR,b,95,2020,3,0.3198012,0.0015378
NOR,b,100,2020,3,0.475008,0.00295
NZL_NP,m,0,2020,1,0.0042309,0.000172
NZL_NP,m,1,2020,1,0.0002088,0.0000126
NZL_NP,m,5,2020,1,0.0001031,0.000002
NZL_NP,m,10,2020,1,0.0001119,0.0000087
NZL_NP,m,15,2020,1,0.0005423,0.0000325
NZL_NP,m,20,2020,1,0.0007382,0.0000333
NZL_NP,m,25,2020,1,0.0007383,0.0000212
NZL_NP,m,30,2020,1,0.0008002,0.000026
NZL_NP,m,35,2020,1,0.0010095,0.0000309
NZL_NP,m,40,2020,1,0.0014739,0.0000274
NZL_NP,m,45,2020,1,0.002225,0.000031
NZL_NP,m,50,2020,1,0.0034706,0.0000361
NZL_NP,m,55,2020,1,0.0052976,0.0000758
NZL_NP,m,60,2020,1,0.007834,0.0001932
NZL_NP,m,65,2020,1,0.012297,0.0003829
NZL_NP,m,70,2020,1,0.0203547,0.0006659
NZL_NP,m,75,2020,1,0.0353006,0.001067
NZL_NP,m,80,2020,1,0.0652254,0.0017349
NZL_NP,m,85,2020,1,0.1224289,0.0020246
NZL_NP,m,90,2020,1,0.2132381,0.0025667
NZL_NP,m,95,2020,1,0.3565891,0.0011672
NZL_NP,m,100,2020,1,0.5790927,0.0115689
NZL_NP,f,0,2020,2,0.0037452,0.0001414
NZL_NP,f,1,2020,2,0.0001067,0.0000288
NZL_NP,f,5,2020,2,0.0000784,0.0000037
NZL_NP,f,10,2020,2,0.0000662,0.0000136
NZL_NP,f,15,2020,2,0.0002374,0.0000273
NZL_NP,f,20,2020,2,0.0003258,0.0000056
NZL_NP,f,25,2020,2,0.0003472,0.0000008
NZL_NP,f,30,2020,2,0.0004487,0.0000121
NZL_NP,f,35,2020,2,0.0005805,0.0000309
NZL_NP,f,40,2020,2,0.0008736,0.0000598
NZL_NP,f,45,2020,2,0.001556,0.0000274
NZL_NP,f,50,2020,2,0.0024339,0.0000392
NZL_NP,f,55,2020,2,0.0034903,0.0001004
NZL_NP,f,60,2020,2,0.0052223,0.0002008
NZL_NP,f,65,2020,2,0.0081453,0.0003908
NZL_NP,f,70,2020,2,0.013471,0.000647
NZL_NP,f,75,2020,2,0.0247492,0.0006919
NZL_NP,f,80,2020,2,0.047172,0.0012966
NZL_NP,f,85,2020,2,0.0926364,0.0020914
NZL_NP,f,90,2020,2,0.177437,0.0024303
NZL_NP,f,95,2020,2,0.3105571,0.0008203
NZL_NP,f,100,2020,2,0.4792204,0.0038343
NZL_NP,b,0,2020,3,0.003994,0.0002227
NZL_NP,b,1,2020,3,0.0001591,0.0000315
NZL_NP,b,5,2020,3,0.0000911,0.0000043
NZL_NP,b,10,2020,3,0.0000897,0.0000162
NZL_NP,b,15,2020,3,0.0003939,0.0000424
NZL_NP,b,20,2020,3,0.0005393,0.0000337
NZL_NP,b,25,2020,3,0.0005471,0.0000212
NZL_NP,b,30,2020,3,0.0006238,0.0000286
NZL_NP,b,35,2020,3,0.0007931,0.0000437
NZL_NP,b,40,2020,3,0.0011704,0.0000658
NZL_NP,b,45,2020,3,0.0018834,0.0000414
NZL_NP,b,50,2020,3,0.0029403,0.0000532
NZL_NP,b,55,2020,3,0.0043675,0.0001258
NZL_NP,b,60,2020,3,0.006488,0.0002787
NZL_NP,b,65,2020,3,0.0101628,0.0005471
NZL_NP,b,70,2020,3,0.0168138,0.0009285
NZL_NP,b,75,2020,3,0.0297424,0.0012717
NZL_NP,b,80,2020,3,0.0552827,0.0021659
NZL_NP,b,85,2020,3,0.1050059,0.0029109
NZL_NP,b,90,2020,3,0.1902378,0.0035348
NZL_NP,b,95,2020,3,0.3235786,0.0014266
NZL_NP,b,100,2020,3,0.4994844,0.0121877
POL,m,0,2020,1,0.0040148,0.0001476
POL,m,1,2020,1,0.0001592,0.0000069
POL,m,5,2020,1,0.0000884,0.0000044
POL,m,10,2020,1,0.0001227,0.0000053
POL,m,15,2020,1,0.0004894,0.0000153
POL,m,20,2020,1,0.0008711,0.0000172
POL,m,25,2020,1,0.0010343,0.0000108
POL,m,30,2020,1,0.0013399,0.000018
POL,m,35,2020,1,0.0018527,0.0000476
POL,m,40,2020,1,0.0028532,0.0000898
POL,m,45,2020,1,0.0046113,0.0001568
POL,m,50,2020,1,0.0076971,0.0002197
POL,m,55,2020,1,0.0124674,0.0002475
POL,m,60,2020,1,0.0189204,0.0002684
POL,m,65,2020,1,0.0272667,0.0003723
POL,m,70,2020,1,0.0374794,0.0006546
POL,m,75,2020,1,0.0556611,0.0010002
POL,m,80,2020,1,0.0865299,0.001476
POL,m,85,2020,1,0.1376451,0.0021939
POL,m,90,2020,1,0.2190702,0.0031658
POL,m,95,2020,1,0.3469504,0.0022768
POL,m,100,2020,1,0.4899637,0.0052333
POL,f,0,2020,2,0.0034188,0.0001497
POL,f,1,2020,2,0.0001286,0.0000078
POL,f,5,2020,2,0.000076,0.0000037
POL,f,10,2020,2,0.0001019,0.0000035
POL,f,15,2020,2,0.0002101,0.0000042
POL,f,20,2020,2,0.0002239,0.0000031
POL,f,25,2020,2,0.0002514,0.0000046
POL,f,30,2020,2,0.0003603,0.000008
POL,f,35,2020,2,0.0005848,0.0000166
POL,f,40,2020,2,0.0009767,0.0000369
POL,f,45,2020,2,0.0017092,0.0000678
POL,f,50,2020,2,0.002973,0.0000967
POL,f,55,2020,2,0.0049995,0.0001111
POL,f,60,2020,2,0.0081353,0.0000851
POL,f,65,2020,2,0.0122418,0.0000983
POL,f,70,2020,2,0.0183824,0.0003224
POL,f,75,2020,2,0.0300835,0.0008253
POL,f,80,2020,2,0.0556536,0.0015905
POL,f,85,2020,2,0.1073926,0.0020727
POL,f,90,2020,2,0.1872326,0.003484
POL,f,95,2020,2,0.3010243,0.0040151
POL,f,100,2020,2,0.4369097,0.0016172
POL,b,0,2020,3,0.0037251,0.0002102
POL,b,1,2020,3,0.0001443,0.0000104
POL,b,5,2020,3,0.0000823,0.0000057
POL,b,10,2020,3,0.0001126,0.0000063
POL,b,15,2020,3,0.0003533,0.0000158
POL,b,20,2020,3,0.0005547,0.0000174
POL,b,25,2020,3,0.0006498,0.0000117
POL,b,30,2020,3,0.0008573,0.0000197
POL,b,35,2020,3,0.0012261,0.0000504
POL,b,40,2020,3,0.0019236,0.0000971
POL,b,45,2020,3,0.0031656,0.0001708
POL,b,50,2020,3,0.0053178,0.0002401
POL,b,55,2020,3,0.0086343,0.0002713
POL,b,60,2020,3,0.013208,0.0002815
POL,b,65,2020,3,0.0189785,0.000385
POL,b,70,2020,3,0.0264601,0.0007297
POL,b,75,2020,3,0.0399258,0.0012968
POL,b,80,2020,3,0.0661423,0.0021698
POL,b,85,2020,3,0.1164588,0.0030182
POL,b,90,2020,3,0.1954628,0.0047075
POL,b,95,2020,3,0.3102614,0.0046157
POL,b,100,2020,3,0.4459152,0.0054775
PRT,m,0,2020,1,0.0032726,0.0000139
PRT,m,1,2020,1,0.0001588,0.0000042
PRT,m,5,2020,1,0.0000706,0.0000035
PRT,m,10,2020,1,0.0000927,0.0000036
PRT,m,15,2020,1,0.0002366,0.000012
PRT,m,20,2020,1,0.0004001,0.0000185
PRT,m,25,2020,1,0.0005137,0.0000194
PRT,m,30,2020,1,0.0005866,0.0000312
PRT,m,35,2020,1,0.0008807,0.0000461
PRT,m,40,2020,1,0.0016426,0.0000643
PRT,m,45,2020,1,0.0030302,0.0000734
PRT,m,50,2020,1,0.0052326,0.0000651
PRT,m,55,2020,1,0.007883,0.0000455
PRT,m,60,2020,1,0.0113002,0.0000584
PRT,m,65,2020,1,0.0154165,0.000213
PRT,m,70,2020,1,0.0235668,0.0004174
PRT,m,75,2020,1,0.0389997,0.0008043
PRT,m,80,2020,1,0.070612,0.0010891
PRT,m,85,2020,1,0.1262406,0.0014017
PRT,m,90,2020,1,0.2078062,0.0023377
PRT,m,95,2020,1,0.324957,0.0026669
PRT,m,100,2020,1,0.4867621,0.003279
PRT,f,0,2020,2,0.0023838,0.0000746
PRT,f,1,2020,2,0.0001354,0.0000045
PRT,f,5,2020,2,0.0000653,0.0000047
PRT,f,10,2020,2,0.000066,0.000005
PRT,f,15,2020,2,0.0001227,0.0000082
PRT,f,20,2020,2,0.000175,0.0000115
PRT,f,25,2020,2,0.0001967,0.0000122
PRT,f,30,2020,2,0.0003027,0.0000173
PRT,f,35,2020,2,0.000492,0.0000261
PRT,f,40,2020,2,0.0008419,0.0000329
PRT,f,45,2020,2,0.0013535,0.0000439
PRT,f,50,2020,2,0.0020696,0.0000454
PRT,f,55,2020,2,0.0029526,0.0000597
PRT,f,60,2020,2,0.0043451,0.0000985
PRT,f,65,2020,2,0.0066189,0.0002161
PRT,f,70,2020,2,0.0113967,0.0004349
PRT,f,75,2020,2,0.021817,0.0008879
PRT,f,80,2020,2,0.0451342,0.0014911
PRT,f,85,2020,2,0.0914435,0.0021462
PRT,f,90,2020,2,0.1655692,0.0032746
PRT,f,95,2020,2,0.2709255,0.0038354
PRT,f,100,2020,2,0.4319164,0.0007053
PRT,b,0,2020,3,0.0028402,0.0000759
PRT,b,1,2020,3,0.0001473,0.0000061
PRT,b,5,2020,3,0.000068,0.0000059
PRT,b,10,2020,3,0.0000796,0.0000062
PRT,b,15,2020,3,0.0001809,0.0000146
PRT,b,20,2020,3,0.000289,0.0000218
PRT,b,25,2020,3,0.0003549,0.0000229
PRT,b,30,2020,3,0.0004425,0.0000357
PRT,b,35,2020,3,0.0006791,0.0000529
PRT,b,40,2020,3,0.0012236,0.0000722
PRT,b,45,2020,3,0.0021474,0.0000855
PRT,b,50,2020,3,0.0035623,0.0000794
PRT,b,55,2020,3,0.0052569,0.0000751
PRT,b,60,2020,3,0.0075755,0.0001146
PRT,b,65,2020,3,0.0106421,0.0003034
PRT,b,70,2020,3,0.0168019,0.0006028
PRT,b,75,2020,3,0.0290432,0.001198
PRT,b,80,2020,3,0.0551001,0.0018465
PRT,b,85,2020,3,0.1036097,0.0025634
PRT,b,90,2020,3,0.1782331,0.0040234
PRT,b,95,2020,3,0.2838409,0.0046715
PRT,b,100,2020,3,0.4414484,0.003354
SWE,m,0,2020,1,0.0023439,0.0000185
SWE,m,1,2020,1,0.000088,0.0000036
SWE,m,5,2020,1,0.0000379,0.0000021
SWE,m,10,2020,1,0.0000718,0.0000019
SWE,m,15,2020,1,0.0002792,0.0000041
SWE,m,20,2020,1,0.0006019,0.0000034
SWE,m,25,2020,1,0.0007392,0.0000021
SWE,m,30,2020,1,0.0007882,0.0000084
SWE,m,35,2020,1,0.0007679,0.0000033
SWE,m,40,2020,1,0.0009702,0.0000144
SWE,m,45,2020,1,0.0013963,0.0000309
SWE,m,50,2020,1,0.0023298,0.0000561
SWE,m,55,2020,1,0.0039638,0.0000816
SWE,m,60,2020,1,0.0071597,0.0001012
SWE,m,65,2020,1,0.0115896,0.0001777
SWE,m,70,2020,1,0.0182828,0.0003402
SWE,m,75,2020,1,0.0321948,0.0006073
SWE,m,80,2020,1,0.0610949,0.0010175
SWE,m,85,2020,1,0.1205234,0.0013126
SWE,m,90,2020,1,0.2215553,0.0015777
SWE,m,95,2020,1,0.3708166,0.0009643
SWE,m,100,2020,1,0.591051,0.0009452
SWE,f,0,2020,2,0.0018528,0.0000421
SWE,f,1,2020,2,0.0000826,0.000005
SWE,f,5,2020,2,0.0000648,0.0000004
SWE,f,10,2020,2,0.0001119,0.0000047
SWE,f,15,2020,2,0.0001411,0.0000041
SWE,f,20,2020,2,0.0002258,0.0000025
SWE,f,25,2020,2,0.0003027,0.0000045
SWE,f,30,2020,2,0.0003667,0.0000031
SWE,f,35,2020,2,0.0003623,0.0000111
SWE,f,40,2020,2,0.000568,0.0000165
SWE,f,45,2020,2,0.0009501,0.0000302
SWE,f,50,2020,2,0.0015086,0.0000595
SWE,f,55,2020,2,0.0026657,0.0000784
SWE,f,60,2020,2,0.0047189,0.0000965
SWE,f,65,2020,2,0.0078598,0.000132
SWE,f,70,2020,2,0.0130526,0.0002068
SWE,f,75,2020,2,0.0224335,0.000437
SWE,f,80,2020,2,0.0442966,0.0007775
SWE,f,85,2020,2,0.0899182,0.0012812
SWE,f,90,2020,2,0.175074,0.0017276
SWE,f,95,2020,2,0.3048167,0.0018277
SWE,f,100,2020,2,0.4887787,0.0007809
SWE,b,0,2020,3,0.0021058,0.000046
SWE,b,1,2020,3,0.0000854,0.0000062
SWE,b,5,2020,3,0.000051,0.0000021
SWE,b,10,2020,3,0.0000913,0.0000051
SWE,b,15,2020,3,0.0002127,0.0000058
SWE,b,20,2020,3,0.000425,0.0000043
SWE,b,25,2020,3,0.0005271,0.000005
SWE,b,30,2020,3,0.0005827,0.000009
SWE,b,35,2020,3,0.0005706,0.0000116
SWE,b,40,2020,3,0.0007732,0.000022
SWE,b,45,2020,3,0.0011764,0.0000432
SWE,b,50,2020,3,0.0019253,0.0000818
SWE,b,55,2020,3,0.0033221,0.0001132
SWE,b,60,2020,3,0.0059425,0.0001399
SWE,b,65,2020,3,0.0097036,0.0002214
SWE,b,70,2020,3,0.0156025,0.0003981
SWE,b,75,2020,3,0.0271132,0.0007482
SWE,b,80,2020,3,0.0518025,0.0012805
SWE,b,85,2020,3,0.1019681,0.0018342
SWE,b,90,2020,3,0.1900846,0.0023396
SWE,b,95,2020,3,0.3214101,0.0020664
SWE,b,100,2020,3,0.506138,0.001226
SVK,m,0,2020,1,0.0051401,0.0001015
SVK,m,1,2020,1,0.0002681,0.0000051
SVK,m,5,2020,1,0.0001056,0.000005
SVK,m,10,2020,1,0.0001579,0.0000028
SVK,m,15,2020,1,0.0004364,0.0000067
SVK,m,20,2020,1,0.0007026,0.0000122
SVK,m,25,2020,1,0.00077,0.0000129
SVK,m,30,2020,1,0.0009969,0.0000174
SVK,m,35,2020,1,0.0014297,0.0000369
SVK,m,40,2020,1,0.0022551,0.0000704
SVK,m,45,2020,1,0.0039262,0.0001266
SVK,m,50,2020,1,0.0071425,0.0001783
SVK,m,55,2020,1,0.0115429,0.0002326
SVK,m,60,2020,1,0.0187678,0.0002875
SVK,m,65,2020,1,0.0264715,0.0004559
SVK,m,70,2020,1,0.0385884,0.0007485
SVK,m,75,2020,1,0.0596433,0.001131
SVK,m,80,2020,1,0.0954242,0.0015827
SVK,m,85,2020,1,0.1503392,0.0023027
SVK,m,90,2020,1,0.2304634,0.0040384
SVK,m,95,2020,1,0.3832071,0.0044154
SVK,m,100,2020,1,0.8339547,0.0178693
SVK,f,0,2020,2,0.0042853,0.0000906
SVK,f,1,2020,2,0.0001875,0.0000089
SVK,f,5,2020,2,0.0000926,0.0000044
SVK,f,10,2020,2,0.0001016,0.0000024
SVK,f,15,2020,2,0.0002367,0.0000005
SVK,f,20,2020,2,0.0002487,0.0000001
SVK,f,25,2020,2,0.0003019,0.0000008
SVK,f,30,2020,2,0.0003973,0.0000033
SVK,f,35,2020,2,0.0006213,0.0000137
SVK,f,40,2020,2,0.0009825,0.0000334
SVK,f,45,2020,2,0.0017235,0.0000514
SVK,f,50,2020,2,0.0030268,0.0000651
SVK,f,55,2020,2,0.0046951,0.0000971
SVK,f,60,2020,2,0.0076431,0.0001194
SVK,f,65,2020,2,0.0113432,0.0002755
SVK,f,70,2020,2,0.0185165,0.0005775
SVK,f,75,2020,2,0.0337744,0.001101
SVK,f,80,2020,2,0.0685438,0.0016601
SVK,f,85,2020,2,0.1255122,0.0023538
SVK,f,90,2020,2,0.2080413,0.0045316
SVK,f,95,2020,2,0.309828,0.0075585
SVK,f,100,2020,2,0.7570364,0.0202278
SVK,b,0,2020,3,0.0047222,0.000136
SVK,b,1,2020,3,0.0002288,0.0000103
SVK,b,5,2020,3,0.0000993,0.0000067
SVK,b,10,2020,3,0.0001305,0.0000037
SVK,b,15,2020,3,0.0003393,0.0000067
SVK,b,20,2020,3,0.0004814,0.0000122
SVK,b,25,2020,3,0.000541,0.000013
SVK,b,30,2020,3,0.0007032,0.0000177
SVK,b,35,2020,3,0.0010373,0.0000394
SVK,b,40,2020,3,0.0016375,0.0000779
SVK,b,45,2020,3,0.002843,0.0001367
SVK,b,50,2020,3,0.0050822,0.0001898
SVK,b,55,2020,3,0.0080469,0.000252
SVK,b,60,2020,3,0.0129104,0.0003113
SVK,b,65,2020,3,0.0181528,0.0005326
SVK,b,70,2020,3,0.026909,0.0009454
SVK,b,75,2020,3,0.0434167,0.0015784
SVK,b,80,2020,3,0.0773447,0.0022936
SVK,b,85,2020,3,0.1328141,0.0032928
SVK,b,90,2020,3,0.2141318,0.00607
SVK,b,95,2020,3,0.3253442,0.0087536
SVK,b,100,2020,3,0.7685107,0.0269903
SVN,m,0,2020,1,0.0017228,0.0000894
SVN,m,1,2020,1,0.0000793,0.000008
SVN,m,5,2020,1,0.0000657,0.0000005
SVN,m,10,2020,1,0.0000931,0.0000028
SVN,m,15,2020,1,0.0003004,0.0000167
SVN,m,20,2020,1,0.0004752,0.000033
SVN,m,25,2020,1,0.0005276,0.0000294
SVN,m,30,2020,1,0.0006899,0.0000237
SVN,m,35,2020,1,0.0009164,0.0000333
SVN,m,40,2020,1,0.001227,0.0000793
SVN,m,45,2020,1,0.0021029,0.0001282
SVN,m,50,2020,1,0.004226,0.0001768
SVN,m,55,2020,1,0.0073746,0.0002325
SVN,m,60,2020,1,0.0118897,0.0002894
SVN,m,65,2020,1,0.0174583,0.0004241
SVN,m,70,2020,1,0.0265491,0.000772
SVN,m,75,2020,1,0.041744,0.0013506
SVN,m,80,2020,1,0.0765138,0.001637
SVN,m,85,2020,1,0.1380964,0.0013238
SVN,m,90,2020,1,0.2210965,0.0038977
SVN,m,95,2020,1,0.3393668,0.0043572
SVN,m,100,2020,1,0.7496944,0.0191076
SVN,f,0,2020,2,0.0013967,0.0001187
SVN,f,1,2020,2,0.0000939,0.000005
SVN,f,5,2020,2,0.0000733,0.0000037
SVN,f,10,2020,2,0.0000262,0.0000048
SVN,f,15,2020,2,0.0001514,0.0000033
SVN,f,20,2020,2,0.000121,0.0000122
SVN,f,25,2020,2,0.0001541,0.0000059
SVN,f,30,2020,2,0.0002406,0.0000108
SVN,f,35,2020,2,0.0004382,0.00001
SVN,f,40,2020,2,0.0005778,0.0000345
SVN,f,45,2020,2,0.001085,0.0000579
SVN,f,50,2020,2,0.0020036,0.0000816
SVN,f,55,2020,2,0.0032443,0.0001152
SVN,f,60,2020,2,0.0055543,0.0000876
SVN,f,65,2020,2,0.0081753,0.00016
SVN,f,70,2020,2,0.0126609,0.000423
SVN,f,75,2020,2,0.0229539,0.0008973
SVN,f,80,2020,2,0.0472475,0.0015709
SVN,f,85,2020,2,0.0997877,0.0018846
SVN,f,90,2020,2,0.1804863,0.0036641
SVN,f,95,2020,2,0.329867,0.0012791
SVN,f,100,2020,2,0.5999693,0.0143049
SVN,b,0,2020,3,0.0015655,0.0001485
SVN,b,1,2020,3,0.0000864,0.0000094
SVN,b,5,2020,3,0.0000694,0.0000038
SVN,b,10,2020,3,0.0000606,0.0000056
SVN,b,15,2020,3,0.0002283,0.000017
SVN,b,20,2020,3,0.0003101,0.0000352
SVN,b,25,2020,3,0.0003535,0.00003
SVN,b,30,2020,3,0.00048,0.000026
SVN,b,35,2020,3,0.0006923,0.0000348
SVN,b,40,2020,3,0.0009222,0.0000865
SVN,b,45,2020,3,0.0016189,0.0001406
SVN,b,50,2020,3,0.0031417,0.0001948
SVN,b,55,2020,3,0.0053235,0.0002595
SVN,b,60,2020,3,0.0087112,0.0003023
SVN,b,65,2020,3,0.0127002,0.0004533
SVN,b,70,2020,3,0.0190912,0.0008803
SVN,b,75,2020,3,0.0309633,0.0016215
SVN,b,80,2020,3,0.0584896,0.0022688
SVN,b,85,2020,3,0.1117564,0.0023031
SVN,b,90,2020,3,0.1902515,0.0053495
SVN,b,95,2020,3,0.3316227,0.0045411
SVN,b,100,2020,3,0.6252661,0.023869
TWN,m,0,2020,1,0.0040334,0.0001363
TWN,m,1,2020,1,0.000176,0.0000142
TWN,m,5,2020,1,0.0001071,0.000006
TWN,m,10,2020,1,0.000139,0.000005
TWN,m,15,2020,1,0.0004114,0.0000155
TWN,m,20,2020,1,0.0005377,0.0000237
TWN,m,25,2020,1,0.0005649,0.0000425
TWN,m,30,2020,1,0.0009154,0.0000608
TWN,m,35,2020,1,0.0016232,0.0000824
TWN,m,40,2020,1,0.0027997,0.000091
TWN,m,45,2020,1,0.0044119,0.0000729
TWN,m,50,2020,1,0.0062437,0.0000658
TWN,m,55,2020,1,0.0084362,0.000115
TWN,m,60,2020,1,0.0112231,0.0002703
TWN,m,65,2020,1,0.0161024,0.0004676
TWN,m,70,2020,1,0.0255531,0.0007224
TWN,m,75,2020,1,0.0431132,0.000867
TWN,m,80,2020,1,0.0737944,0.0008521
TWN,m,85,2020,1,0.1193873,0.0010527
TWN,m,90,2020,1,0.1821564,0.0015928
TWN,m,95,2020,1,0.2630688,0.0010488
TWN,m,100,2020,1,0.455068,0.0110406
TWN,f,0,2020,2,0.0034843,0.000094
TWN,f,1,2020,2,0.0001495,0.0000099
TWN,f,5,2020,2,0.0000912,0.0000043
TWN,f,10,2020,2,0.0001075,0.000002
TWN,f,15,2020,2,0.0001831,0.0000065
TWN,f,20,2020,2,0.0002278,0.0000102
TWN,f,25,2020,2,0.0002811,0.0000138
TWN,f,30,2020,2,0.0004522,0.0000133
TWN,f,35,2020,2,0.0006745,0.0000136
TWN,f,40,2020,2,0.001011,0.0000206
TWN,f,45,2020,2,0.0015862,0.000023
TWN,f,50,2020,2,0.0023504,0.0000371
TWN,f,55,2020,2,0.0032951,0.0000751
TWN,f,60,2020,2,0.0048454,0.0001525
TWN,f,65,2020,2,0.0076185,0.0002802
TWN,f,70,2020,2,0.013636,0.0004585
TWN,f,75,2020,2,0.0251992,0.0007028
TWN,f,80,2020,2,0.048213,0.0010023
TWN,f,85,2020,2,0.0897538,0.0013885
TWN,f,90,2020,2,0.1550484,0.0022601
TWN,f,95,2020,2,0.2540641,0.0022189
TWN,f,100,2020,2,0.4238419,0.001725
TWN,b,0,2020,3,0.0037687,0.0001655
TWN,b,1,2020,3,0.0001632,0.0000173
TWN,b,5,2020,3,0.0000994,0.0000073
TWN,b,10,2020,3,0.0001239,0.0000054
TWN,b,15,2020,3,0.0003023,0.0000169
TWN,b,20,2020,3,0.0003889,0.0000258
TWN,b,25,2020,3,0.0004284,0.0000447
TWN,b,30,2020,3,0.000689,0.0000622
TWN,b,35,2020,3,0.0011452,0.0000835
TWN,b,40,2020,3,0.0018917,0.0000933
TWN,b,45,2020,3,0.0029703,0.0000765
TWN,b,50,2020,3,0.0042666,0.0000755
TWN,b,55,2020,3,0.0058094,0.0001374
TWN,b,60,2020,3,0.0079255,0.0003103
TWN,b,65,2020,3,0.0116496,0.0005451
TWN,b,70,2020,3,0.019183,0.0008556
TWN,b,75,2020,3,0.0331819,0.001116
TWN,b,80,2020,3,0.0588613,0.0013155
TWN,b,85,2020,3,0.102149,0.0017424
TWN,b,90,2020,3,0.1672613,0.002765
TWN,b,95,2020,3,0.2579607,0.0024543
TWN,b,100,2020,3,0.4366674,0.0111745
USA,m,0,2020,1,0.0061572,0.0001833
USA,m,1,2020,1,0.000268,0.0000072
USA,m,5,2020,1,0.0001243,0.000003
USA,m,10,2020,1,0.0001653,0.0000032
USA,m,15,2020,1,0.0006492,0.0000217
USA,m,20,2020,1,0.0012696,0.0000184
USA,m,25,2020,1,0.0015346,0.0000178
USA,m,30,2020,1,0.0017654,0.0000445
USA,m,35,2020,1,0.0020628,0.000035
USA,m,40,2020,1,0.0025745,0.000025
USA,m,45,2020,1,0.0037952,0.0000655
USA,m,50,2020,1,0.0059673,0.0000722
USA,m,55,2020,1,0.0091711,0.0000036
USA,m,60,2020,1,0.013036,0.0000297
USA,m,65,2020,1,0.0179833,0.0002221
USA,m,70,2020,1,0.0264551,0.0005059
USA,m,75,2020,1,0.0414546,0.0008619
USA,m,80,2020,1,0.0681636,0.0017518
USA,m,85,2020,1,0.1178841,0.0025353
USA,m,90,2020,1,0.2028854,0.0035001
USA,m,95,2020,1,0.3298742,0.0034146
USA,m,100,2020,1,0.4889597,0.0031256
USA,f,0,2020,2,0.0049369,0.0001238
USA,f,1,2020,2,0.0002039,0.0000053
USA,f,5,2020,2,0.0000981,0.0000022
USA,f,10,2020,2,0.0001166,0.0000014
USA,f,15,2020,2,0.0002625,0.000007
USA,f,20,2020,2,0.0004691,0.0000004
USA,f,25,2020,2,0.000653,0.0000119
USA,f,30,2020,2,0.0008938,0.0000217
USA,f,35,2020,2,0.0011644,0.0000139
USA,f,40,2020,2,0.0015541,0.0000129
USA,f,45,2020,2,0.0023633,0.0000261
USA,f,50,2020,2,0.00373,0.0000064
USA,f,55,2020,2,0.0055345,0.0000191
USA,f,60,2020,2,0.0076561,0.0000675
USA,f,65,2020,2,0.0110673,0.0001844
USA,f,70,2020,2,0.0174795,0.0003014
USA,f,75,2020,2,0.0287377,0.0004648
USA,f,80,2020,2,0.0495813,0.0009028
USA,f,85,2020,2,0.0907678,0.0012675
USA,f,90,2020,2,0.1629927,0.001728
USA,f,95,2020,2,0.2701139,0.0023315
USA,f,100,2020,2,0.4189195,0.0026042
USA,b,0,2020,3,0.0055606,0.0002212
USA,b,1,2020,3,0.0002367,0.0000089
USA,b,5,2020,3,0.0001115,0.0000037
USA,b,10,2020,3,0.0001415,0.0000034
USA,b,15,2020,3,0.0004601,0.0000228
USA,b,20,2020,3,0.0008775,0.0000184
USA,b,25,2020,3,0.0011014,0.0000214
USA,b,30,2020,3,0.0013347,0.0000495
USA,b,35,2020,3,0.0016171,0.0000377
USA,b,40,2020,3,0.002065,0.0000282
USA,b,45,2020,3,0.0030769,0.0000705
USA,b,50,2020,3,0.0048429,0.0000725
USA,b,55,2020,3,0.0073207,0.0000194
USA,b,60,2020,3,0.0102631,0.0000737
USA,b,65,2020,3,0.0143454,0.0002887
USA,b,70,2020,3,0.0216625,0.0005889
USA,b,75,2020,3,0.034466,0.0009793
USA,b,80,2020,3,0.0575117,0.0019707
USA,b,85,2020,3,0.101283,0.0028345
USA,b,90,2020,3,0.1767054,0.0039034
USA,b,95,2020,3,0.2859935,0.0041347
USA,b,100,2020,3,0.4317152,0.0040683
ISL,m,0,2020,1,0.0014454,0.0003894
ISL,m,1,2020,1,0.0001104,0.0000562
ISL,m,5,2020,1,0.0000351,0.0000415
ISL,m,10,2020,1,0.0000806,0.0000536
ISL,m,15,2020,1,0.0003823,0.0001095
ISL,m,20,2020,1,0.0002715,0.0001136
ISL,m,25,2020,1,0.0007349,0.0001101
ISL,m,30,2020,1,0.0012952,0.0001576
ISL,m,35,2020,1,0.0011329,0.0001215
ISL,m,40,2020,1,0.0013335,0.0001292
ISL,m,45,2020,1,0.001437,0.0001396
ISL,m,50,2020,1,0.0024546,0.0003094
ISL,m,55,2020,1,0.0047636,0.0003285
ISL,m,60,2020,1,0.0053152,0.0006803
ISL,m,65,2020,1,0.0107505,0.0005537
ISL,m,70,2020,1,0.0176106,0.0014536
ISL,m,75,2020,1,0.0306442,0.0018779
ISL,m,80,2020,1,0.062914,0.0032454
ISL,m,85,2020,1,0.1254402,0.0071908
ISL,m,90,2020,1,0.2260124,0.0169375
ISL,m,95,2020,1,0.32268,0.0434417
ISL,m,100,2020,1,0.434873,0.1406379
ISL,f,0,2020,2,0.0015879,0.0005024
ISL,f,1,2020,2,0.0001414,0.0000739
ISL,f,5,2020,2,0.0000415,0.0000308
ISL,f,10,2020,2,0.0000148,0.0000419
ISL,f,15,2020,2,0.0001019,0.0000858
ISL,f,20,2020,2,0.0002404,0.0000707
ISL,f,25,2020,2,0.0001891,0.0000459
ISL,f,30,2020,2,0.0003692,0.0000739
ISL,f,35,2020,2,0.0005852,0.000121
ISL,f,40,2020,2,0.000688,0.0001618
ISL,f,45,2020,2,0.00088,0.0001701
ISL,f,50,2020,2,0.0017234,0.0001876
ISL,f,55,2020,2,0.002796,0.0003487
ISL,f,60,2020,2,0.0048788,0.0003685
ISL,f,65,2020,2,0.0067453,0.0006659
ISL,f,70,2020,2,0.0134236,0.0009811
ISL,f,75,2020,2,0.0256272,0.0014546
ISL,f,80,2020,2,0.0525785,0.0022144
ISL,f,85,2020,2,0.0901075,0.0038998
ISL,f,90,2020,2,0.1747062,0.0092678
ISL,f,95,2020,2,0.3651545,0.0187834
ISL,f,100,2020,2,0.4356305,0.0592174
ISL,b,0,2020,3,0.001514,0.0006356
ISL,b,1,2020,3,0.0001254,0.0000928
ISL,b,5,2020,3,0.0000382,0.0000516
ISL,b,10,2020,3,0.0000487,0.000068
ISL,b,15,2020,3,0.0002445,0.0001391
ISL,b,20,2020,3,0.0002564,0.0001339
ISL,b,25,2020,3,0.0004797,0.0001193
ISL,b,30,2020,3,0.0008698,0.000174
ISL,b,35,2020,3,0.0008779,0.0001715
ISL,b,40,2020,3,0.0010254,0.000207
ISL,b,45,2020,3,0.0011702,0.00022
ISL,b,50,2020,3,0.002096,0.0003618
ISL,b,55,2020,3,0.0037784,0.000479
ISL,b,60,2020,3,0.0050988,0.0007738
ISL,b,65,2020,3,0.008751,0.000866
ISL,b,70,2020,3,0.0155278,0.0017537
ISL,b,75,2020,3,0.0280241,0.0023754
ISL,b,80,2020,3,0.0573942,0.0039289
ISL,b,85,2020,3,0.1049494,0.0081802
ISL,b,90,2020,3,0.192993,0.0193073
ISL,b,95,2020,3,0.3525796,0.0473286
ISL,b,100,2020,3,0.4354923,0.1525966
LUX,m,0,2020,1,0.0054426,0.0007542
LUX,m,1,2020,1,0.000163,0.0000032
LUX,m,5,2020,1,0.000086,0.0000049
LUX,m,10,2020,1,0.0000729,0.0000114
LUX,m,15,2020,1,0.000477,0.0000732
LUX,m,20,2020,1,0.0003465,0.0000433
LUX,m,25,2020,1,0.000513,0.000003
LUX,m,30,2020,1,0.0004082,0.0000495
LUX,m,35,2020,1,0.0006682,0.0000667
LUX,m,40,2020,1,0.0008293,0.0001042
LUX,m,45,2020,1,0.0017272,0.0001321
LUX,m,50,2020,1,0.0033331,0.0002247
LUX,m,55,2020,1,0.0055273,0.0002603
LUX,m,60,2020,1,0.0088032,0.0005147
LUX,m,65,2020,1,0.0146181,0.000539
LUX,m,70,2020,1,0.0222028,0.0011567
LUX,m,75,2020,1,0.0361379,0.0017987
LUX,m,80,2020,1,0.0694351,0.0020703
LUX,m,85,2020,1,0.1273337,0.0028355
LUX,m,90,2020,1,0.2129622,0.0081612
LUX,m,95,2020,1,0.3073857,0.0102304
LUX,m,100,2020,1,0.8159252,0.1487382
LUX,f,0,2020,2,0.0023879,0.0000168
LUX,f,1,2020,2,0.0001393,0.0000097
LUX,f,5,2020,2,0.0000844,0.0000001
LUX,f,10,2020,2,0.0000664,0.0000058
LUX,f,15,2020,2,0.0000843,0.0000192
LUX,f,20,2020,2,0.0000695,0.0000253
LUX,f,25,2020,2,0.0000732,0.0000326
LUX,f,30,2020,2,0.0002405,0.0000183
LUX,f,35,2020,2,0.0002481,0.0000481
LUX,f,40,2020,2,0.0006425,0.0000113
LUX,f,45,2020,2,0.0011636,0.0000842
LUX,f,50,2020,2,0.0016347,0.0002048
LUX,f,55,2020,2,0.0030153,0.0001934
LUX,f,60,2020,2,0.0048366,0.000296
LUX,f,65,2020,2,0.0081611,0.0003304
LUX,f,70,2020,2,0.0138367,0.0002872
LUX,f,75,2020,2,0.0220671,0.0013455
LUX,f,80,2020,2,0.0435805,0.0022345
LUX,f,85,2020,2,0.0873085,0.0044054
LUX,f,90,2020,2,0.1692533,0.0062034
LUX,f,95,2020,2,0.2873017,0.0030616
LUX,f,100,2020,2,0.38442,0.0159686
LUX,b,0,2020,3,0.0039297,0.0007544
LUX,b,1,2020,3,0.0001514,0.0000102
LUX,b,5,2020,3,0.0000852,0.0000049
LUX,b,10,2020,3,0.0000698,0.0000128
LUX,b,15,2020,3,0.0002878,0.0000757
LUX,b,20,2020,3,0.0002119,0.0000501
LUX,b,25,2020,3,0.000299,0.0000327
LUX,b,30,2020,3,0.0003254,0.0000527
LUX,b,35,2020,3,0.0004594,0.0000823
LUX,b,40,2020,3,0.000737,0.0001048
LUX,b,45,2020,3,0.0014524,0.0001567
LUX,b,50,2020,3,0.0025171,0.0003041
LUX,b,55,2020,3,0.0043185,0.0003243
LUX,b,60,2020,3,0.0068498,0.0005938
LUX,b,65,2020,3,0.0113503,0.0006322
LUX,b,70,2020,3,0.017916,0.0011918
LUX,b,75,2020,3,0.028525,0.0022462
LUX,b,80,2020,3,0.0542955,0.0030462
LUX,b,85,2020,3,0.1018746,0.0052391
LUX,b,90,2020,3,0.1823063,0.0102512
LUX,b,95,2020,3,0.2913329,0.0106787
LUX,b,100,2020,3,0.457295,0.149593
